# RE:AL STEEL - Chair.obj 에서 만든 픽셀 UV 버전 (tools/make_chair_rs.py)
# 단위 m, 기준점 바닥 가운데, 1m = 32px
mtllib Chair_RS.mtl
o Chair_RS
g Chair_RS
v -0.65642 0.00000 0.50101
v -0.64642 0.00000 0.49101
v -0.56555 0.00000 0.49101
v -0.55555 0.00000 0.50101
v -0.55555 0.00000 0.58506
v -0.56555 0.00000 0.59506
v -0.64642 0.00000 0.59506
v -0.65642 0.00000 0.58506
v -0.37246 1.26471 0.49101
v -0.56555 0.00000 0.49101
v -0.64642 0.00000 0.49101
v -0.45333 1.26471 0.49101
v -0.36246 1.26471 0.58506
v -0.55555 0.00000 0.58506
v -0.55555 0.00000 0.50101
v -0.36246 1.26471 0.50101
v -0.45333 1.26471 0.59506
v -0.64642 0.00000 0.59506
v -0.56555 0.00000 0.59506
v -0.37246 1.26471 0.59506
v -0.46333 1.26471 0.50101
v -0.65642 0.00000 0.50101
v -0.65642 0.00000 0.58506
v -0.46333 1.26471 0.58506
v -0.45333 1.26471 0.49101
v -0.64642 0.00000 0.49101
v -0.65642 0.00000 0.50101
v -0.46333 1.26471 0.50101
v -0.36246 1.26471 0.50101
v -0.55555 0.00000 0.50101
v -0.56555 0.00000 0.49101
v -0.37246 1.26471 0.49101
v -0.37246 1.26471 0.59506
v -0.56555 0.00000 0.59506
v -0.55555 0.00000 0.58506
v -0.36246 1.26471 0.58506
v -0.46333 1.26471 0.58506
v -0.65642 0.00000 0.58506
v -0.64642 0.00000 0.59506
v -0.45333 1.26471 0.59506
v 0.58545 0.00000 0.47973
v 0.58545 1.20382 0.47973
v 0.66669 1.20382 0.47973
v 0.66669 0.00000 0.47973
v 0.58545 0.00000 0.57973
v 0.66669 0.00000 0.57973
v 0.66669 1.20382 0.57973
v 0.58545 1.20382 0.57973
v 0.57524 0.00000 0.48994
v 0.58545 0.00000 0.47973
v 0.66669 0.00000 0.47973
v 0.67690 0.00000 0.48994
v 0.67690 0.00000 0.56951
v 0.66669 0.00000 0.57973
v 0.58545 0.00000 0.57973
v 0.57524 0.00000 0.56951
v 0.67690 0.00000 0.48994
v 0.67690 1.20382 0.48994
v 0.67690 1.20382 0.56951
v 0.67690 0.00000 0.56951
v 0.67690 1.20382 0.48994
v 0.66669 1.20382 0.47973
v 0.58545 1.20382 0.47973
v 0.57524 1.20382 0.48994
v 0.57524 1.20382 0.56951
v 0.58545 1.20382 0.57973
v 0.66669 1.20382 0.57973
v 0.67690 1.20382 0.56951
v 0.57524 1.20382 0.48994
v 0.57524 0.00000 0.48994
v 0.57524 0.00000 0.56951
v 0.57524 1.20382 0.56951
v 0.58545 0.00000 0.47973
v 0.57524 0.00000 0.48994
v 0.57524 1.20382 0.48994
v 0.58545 1.20382 0.47973
v 0.66669 1.20382 0.47973
v 0.67690 1.20382 0.48994
v 0.67690 0.00000 0.48994
v 0.66669 0.00000 0.47973
v 0.66669 0.00000 0.57973
v 0.67690 0.00000 0.56951
v 0.67690 1.20382 0.56951
v 0.66669 1.20382 0.57973
v 0.58545 1.20382 0.57973
v 0.57524 1.20382 0.56951
v 0.57524 0.00000 0.56951
v 0.58545 0.00000 0.57973
v 0.58545 1.06268 0.49101
v 0.58545 1.19382 0.49101
v 0.58545 1.19382 -0.49101
v 0.58545 1.06268 -0.49101
v 0.63858 1.05268 0.49101
v 0.64858 1.06268 0.49101
v 0.64858 1.19382 0.49101
v 0.63858 1.20382 0.49101
v 0.59545 1.20382 0.49101
v 0.58545 1.19382 0.49101
v 0.58545 1.06268 0.49101
v 0.59545 1.05268 0.49101
v 0.58545 1.06268 -0.49101
v 0.59545 1.05268 -0.49101
v 0.59545 1.05268 0.49101
v 0.58545 1.06268 0.49101
v -0.40097 1.06268 -0.49101
v -0.38087 1.19382 -0.49101
v -0.38087 1.19382 0.49101
v -0.40097 1.06268 0.49101
v -0.46410 1.06268 0.49101
v -0.44399 1.19382 0.49101
v -0.44399 1.19382 -0.49101
v -0.46410 1.06268 -0.49101
v -0.40097 1.06268 0.49101
v -0.41097 1.05268 0.49101
v -0.41097 1.05268 -0.49101
v -0.40097 1.06268 -0.49101
v 0.57524 0.32759 0.54996
v 0.57524 0.32759 0.53020
v -0.50552 0.32759 0.53020
v -0.50552 0.32759 0.54996
v 0.57524 0.26137 0.54996
v -0.51533 0.26137 0.54996
v -0.51533 0.26137 0.53020
v 0.57524 0.26137 0.53020
v 0.57524 0.31759 0.55996
v -0.50699 0.31770 0.55996
v -0.51386 0.27126 0.55996
v 0.57524 0.27137 0.55996
v -0.50699 0.31770 0.55996
v -0.50552 0.32759 0.54996
v -0.50552 0.32759 0.53020
v -0.50699 0.31770 0.52020
v -0.51386 0.27126 0.52020
v -0.51533 0.26137 0.53020
v -0.51533 0.26137 0.54996
v -0.51386 0.27126 0.55996
v -0.50699 0.31770 0.52020
v 0.57524 0.31759 0.52020
v 0.57524 0.27137 0.52020
v -0.51386 0.27126 0.52020
v 0.57524 0.31759 0.52020
v 0.57524 0.32759 0.53020
v 0.57524 0.32759 0.54996
v 0.57524 0.31759 0.55996
v 0.57524 0.27137 0.55996
v 0.57524 0.26137 0.54996
v 0.57524 0.26137 0.53020
v 0.57524 0.27137 0.52020
v 0.57524 0.32759 0.53020
v 0.57524 0.31759 0.52020
v -0.50699 0.31770 0.52020
v -0.50552 0.32759 0.53020
v -0.50552 0.32759 0.54996
v -0.50699 0.31770 0.55996
v 0.57524 0.31759 0.55996
v 0.57524 0.32759 0.54996
v 0.57524 0.26137 0.54996
v 0.57524 0.27137 0.55996
v -0.51386 0.27126 0.55996
v -0.51533 0.26137 0.54996
v -0.51533 0.26137 0.53020
v -0.51386 0.27126 0.52020
v 0.57524 0.27137 0.52020
v 0.57524 0.26137 0.53020
v -0.39523 1.06257 0.50122
v -0.37502 1.19394 0.50122
v 0.57524 1.19382 0.50122
v 0.57524 1.06268 0.50122
v -0.39523 1.06257 0.56315
v 0.57524 1.06268 0.56315
v 0.57524 1.19382 0.56315
v -0.37502 1.19394 0.56315
v -0.39675 1.05268 0.51122
v 0.57524 1.05268 0.51122
v 0.57524 1.05268 0.55315
v -0.39675 1.05268 0.55315
v 0.57524 1.05268 0.51122
v 0.57524 1.06268 0.50122
v 0.57524 1.19382 0.50122
v 0.57524 1.20382 0.51122
v 0.57524 1.20382 0.55315
v 0.57524 1.19382 0.56315
v 0.57524 1.06268 0.56315
v 0.57524 1.05268 0.55315
v 0.57524 1.20382 0.51122
v -0.37350 1.20382 0.51122
v -0.37350 1.20382 0.55315
v 0.57524 1.20382 0.55315
v -0.37350 1.20382 0.51122
v -0.37502 1.19394 0.50122
v -0.39523 1.06257 0.50122
v -0.39675 1.05268 0.51122
v -0.39675 1.05268 0.55315
v -0.39523 1.06257 0.56315
v -0.37502 1.19394 0.56315
v -0.37350 1.20382 0.55315
v -0.37502 1.19394 0.50122
v -0.37350 1.20382 0.51122
v 0.57524 1.20382 0.51122
v 0.57524 1.19382 0.50122
v 0.57524 1.06268 0.50122
v 0.57524 1.05268 0.51122
v -0.39675 1.05268 0.51122
v -0.39523 1.06257 0.50122
v -0.39523 1.06257 0.56315
v -0.39675 1.05268 0.55315
v 0.57524 1.05268 0.55315
v 0.57524 1.06268 0.56315
v 0.57524 1.19382 0.56315
v 0.57524 1.20382 0.55315
v -0.37350 1.20382 0.55315
v -0.37502 1.19394 0.56315
v -0.65642 0.00000 -0.50101
v -0.65642 0.00000 -0.58506
v -0.64642 0.00000 -0.59506
v -0.56555 0.00000 -0.59506
v -0.55555 0.00000 -0.58506
v -0.55555 0.00000 -0.50101
v -0.56555 0.00000 -0.49101
v -0.64642 0.00000 -0.49101
v -0.45333 1.26471 -0.49101
v -0.64642 0.00000 -0.49101
v -0.56555 0.00000 -0.49101
v -0.37246 1.26471 -0.49101
v -0.36246 1.26471 -0.50101
v -0.55555 0.00000 -0.50101
v -0.55555 0.00000 -0.58506
v -0.36246 1.26471 -0.58506
v -0.37246 1.26471 -0.59506
v -0.56555 0.00000 -0.59506
v -0.64642 0.00000 -0.59506
v -0.45333 1.26471 -0.59506
v -0.46333 1.26471 -0.58506
v -0.65642 0.00000 -0.58506
v -0.65642 0.00000 -0.50101
v -0.46333 1.26471 -0.50101
v -0.46333 1.26471 -0.50101
v -0.65642 0.00000 -0.50101
v -0.64642 0.00000 -0.49101
v -0.45333 1.26471 -0.49101
v -0.37246 1.26471 -0.49101
v -0.56555 0.00000 -0.49101
v -0.55555 0.00000 -0.50101
v -0.36246 1.26471 -0.50101
v -0.36246 1.26471 -0.58506
v -0.55555 0.00000 -0.58506
v -0.56555 0.00000 -0.59506
v -0.37246 1.26471 -0.59506
v -0.45333 1.26471 -0.59506
v -0.64642 0.00000 -0.59506
v -0.65642 0.00000 -0.58506
v -0.46333 1.26471 -0.58506
v 0.58545 0.00000 -0.47970
v 0.66669 0.00000 -0.47970
v 0.66669 1.20382 -0.47970
v 0.58545 1.20382 -0.47970
v 0.58545 0.00000 -0.57971
v 0.58545 1.20382 -0.57971
v 0.66669 1.20382 -0.57971
v 0.66669 0.00000 -0.57971
v 0.57524 0.00000 -0.48992
v 0.57524 0.00000 -0.56949
v 0.58545 0.00000 -0.57971
v 0.66669 0.00000 -0.57971
v 0.67690 0.00000 -0.56949
v 0.67690 0.00000 -0.48992
v 0.66669 0.00000 -0.47970
v 0.58545 0.00000 -0.47970
v 0.67690 0.00000 -0.48992
v 0.67690 0.00000 -0.56949
v 0.67690 1.20382 -0.56949
v 0.67690 1.20382 -0.48992
v 0.67690 1.20382 -0.48992
v 0.67690 1.20382 -0.56949
v 0.66669 1.20382 -0.57971
v 0.58545 1.20382 -0.57971
v 0.57524 1.20382 -0.56949
v 0.57524 1.20382 -0.48992
v 0.58545 1.20382 -0.47970
v 0.66669 1.20382 -0.47970
v 0.57524 1.20382 -0.48992
v 0.57524 1.20382 -0.56949
v 0.57524 0.00000 -0.56949
v 0.57524 0.00000 -0.48992
v 0.58545 0.00000 -0.47970
v 0.58545 1.20382 -0.47970
v 0.57524 1.20382 -0.48992
v 0.57524 0.00000 -0.48992
v 0.66669 1.20382 -0.47970
v 0.66669 0.00000 -0.47970
v 0.67690 0.00000 -0.48992
v 0.67690 1.20382 -0.48992
v 0.66669 0.00000 -0.57971
v 0.66669 1.20382 -0.57971
v 0.67690 1.20382 -0.56949
v 0.67690 0.00000 -0.56949
v 0.58545 1.20382 -0.57971
v 0.58545 0.00000 -0.57971
v 0.57524 0.00000 -0.56949
v 0.57524 1.20382 -0.56949
v 0.64858 1.06268 -0.49101
v 0.64858 1.19382 -0.49101
v 0.64858 1.19382 0.49101
v 0.64858 1.06268 0.49101
v 0.63858 1.05268 -0.49101
v 0.59545 1.05268 -0.49101
v 0.58545 1.06268 -0.49101
v 0.58545 1.19382 -0.49101
v 0.59545 1.20382 -0.49101
v 0.63858 1.20382 -0.49101
v 0.64858 1.19382 -0.49101
v 0.64858 1.06268 -0.49101
v 0.63858 1.20382 -0.49101
v 0.59545 1.20382 -0.49101
v 0.59545 1.20382 0.49101
v 0.63858 1.20382 0.49101
v 0.64858 1.06268 -0.49101
v 0.64858 1.06268 0.49101
v 0.63858 1.05268 0.49101
v 0.63858 1.05268 -0.49101
v 0.58545 1.19382 -0.49101
v 0.58545 1.19382 0.49101
v 0.59545 1.20382 0.49101
v 0.59545 1.20382 -0.49101
v -0.39087 1.20382 -0.49101
v -0.43399 1.20382 -0.49101
v -0.43399 1.20382 0.49101
v -0.39087 1.20382 0.49101
v -0.46410 1.06268 -0.49101
v -0.45410 1.05268 -0.49101
v -0.45410 1.05268 0.49101
v -0.46410 1.06268 0.49101
v -0.44399 1.19382 -0.49101
v -0.44399 1.19382 0.49101
v -0.43399 1.20382 0.49101
v -0.43399 1.20382 -0.49101
v 0.57524 0.32759 -0.54996
v -0.50552 0.32759 -0.54996
v -0.50552 0.32759 -0.53020
v 0.57524 0.32759 -0.53020
v 0.57524 0.26137 -0.54996
v 0.57524 0.26137 -0.53020
v -0.51533 0.26137 -0.53020
v -0.51533 0.26137 -0.54996
v 0.57524 0.31759 -0.55996
v 0.57524 0.27137 -0.55996
v -0.51386 0.27126 -0.55996
v -0.50699 0.31770 -0.55996
v -0.50699 0.31770 -0.55996
v -0.51386 0.27126 -0.55996
v -0.51533 0.26137 -0.54996
v -0.51533 0.26137 -0.53020
v -0.51386 0.27126 -0.52020
v -0.50699 0.31770 -0.52020
v -0.50552 0.32759 -0.53020
v -0.50552 0.32759 -0.54996
v -0.50699 0.31770 -0.52020
v -0.51386 0.27126 -0.52020
v 0.57524 0.27137 -0.52020
v 0.57524 0.31759 -0.52020
v 0.57524 0.31759 -0.52020
v 0.57524 0.27137 -0.52020
v 0.57524 0.26137 -0.53020
v 0.57524 0.26137 -0.54996
v 0.57524 0.27137 -0.55996
v 0.57524 0.31759 -0.55996
v 0.57524 0.32759 -0.54996
v 0.57524 0.32759 -0.53020
v 0.57524 0.32759 -0.53020
v -0.50552 0.32759 -0.53020
v -0.50699 0.31770 -0.52020
v 0.57524 0.31759 -0.52020
v -0.50552 0.32759 -0.54996
v 0.57524 0.32759 -0.54996
v 0.57524 0.31759 -0.55996
v -0.50699 0.31770 -0.55996
v 0.57524 0.26137 -0.54996
v -0.51533 0.26137 -0.54996
v -0.51386 0.27126 -0.55996
v 0.57524 0.27137 -0.55996
v -0.51533 0.26137 -0.53020
v 0.57524 0.26137 -0.53020
v 0.57524 0.27137 -0.52020
v -0.51386 0.27126 -0.52020
v -0.39523 1.06257 -0.50122
v 0.57524 1.06268 -0.50122
v 0.57524 1.19382 -0.50122
v -0.37502 1.19394 -0.50122
v -0.39523 1.06257 -0.56315
v -0.37502 1.19394 -0.56315
v 0.57524 1.19382 -0.56315
v 0.57524 1.06268 -0.56315
v -0.39675 1.05268 -0.51122
v -0.39675 1.05268 -0.55315
v 0.57524 1.05268 -0.55315
v 0.57524 1.05268 -0.51122
v 0.57524 1.05268 -0.51122
v 0.57524 1.05268 -0.55315
v 0.57524 1.06268 -0.56315
v 0.57524 1.19382 -0.56315
v 0.57524 1.20382 -0.55315
v 0.57524 1.20382 -0.51122
v 0.57524 1.19382 -0.50122
v 0.57524 1.06268 -0.50122
v 0.57524 1.20382 -0.51122
v 0.57524 1.20382 -0.55315
v -0.37350 1.20382 -0.55315
v -0.37350 1.20382 -0.51122
v -0.37350 1.20382 -0.51122
v -0.37350 1.20382 -0.55315
v -0.37502 1.19394 -0.56315
v -0.39523 1.06257 -0.56315
v -0.39675 1.05268 -0.55315
v -0.39675 1.05268 -0.51122
v -0.39523 1.06257 -0.50122
v -0.37502 1.19394 -0.50122
v -0.37502 1.19394 -0.50122
v 0.57524 1.19382 -0.50122
v 0.57524 1.20382 -0.51122
v -0.37350 1.20382 -0.51122
v 0.57524 1.06268 -0.50122
v -0.39523 1.06257 -0.50122
v -0.39675 1.05268 -0.51122
v 0.57524 1.05268 -0.51122
v -0.39523 1.06257 -0.56315
v 0.57524 1.06268 -0.56315
v 0.57524 1.05268 -0.55315
v -0.39675 1.05268 -0.55315
v 0.57524 1.19382 -0.56315
v -0.37502 1.19394 -0.56315
v -0.37350 1.20382 -0.55315
v 0.57524 1.20382 -0.55315
v 0.63858 1.05268 0.49101
v 0.59545 1.05268 0.49101
v 0.59545 1.05268 -0.49101
v 0.63858 1.05268 -0.49101
v 0.64858 1.19382 -0.49101
v 0.63858 1.20382 -0.49101
v 0.63858 1.20382 0.49101
v 0.64858 1.19382 0.49101
v -0.41097 1.05268 0.49101
v -0.45410 1.05268 0.49101
v -0.45410 1.05268 -0.49101
v -0.41097 1.05268 -0.49101
v -0.38087 1.19382 -0.49101
v -0.39087 1.20382 -0.49101
v -0.39087 1.20382 0.49101
v -0.38087 1.19382 0.49101
v -0.65845 2.30090 0.21929
v -0.65417 2.30170 0.27411
v -0.68110 2.43807 0.27411
v -0.68538 2.43726 0.21929
v -0.62680 2.44883 0.21929
v -0.62252 2.44963 0.27411
v -0.59559 2.31327 0.27411
v -0.59987 2.31246 0.21929
v -0.60989 2.29927 0.21929
v -0.60561 2.30007 0.27411
v -0.63988 2.29330 0.27411
v -0.64416 2.29250 0.21929
v -0.62752 2.30669 0.49339
v -0.61324 2.29829 0.49339
v -0.57897 2.30506 0.49339
v -0.56895 2.31826 0.49339
v -0.59588 2.45463 0.49339
v -0.61016 2.46303 0.49339
v -0.64443 2.45626 0.49339
v -0.65445 2.44306 0.49339
v -0.63680 2.45803 0.27411
v -0.64109 2.45723 0.21929
v -0.67536 2.45046 0.21929
v -0.67108 2.45127 0.27411
v -0.63561 2.30518 0.43857
v -0.62752 2.30669 0.49339
v -0.65445 2.44306 0.49339
v -0.66254 2.44154 0.43857
v -0.64275 2.30384 0.38375
v -0.63561 2.30518 0.43857
v -0.66254 2.44154 0.43857
v -0.66968 2.44021 0.38375
v -0.64893 2.30268 0.32893
v -0.64275 2.30384 0.38375
v -0.66968 2.44021 0.38375
v -0.67586 2.43905 0.32893
v -0.65417 2.30170 0.27411
v -0.64893 2.30268 0.32893
v -0.67586 2.43905 0.32893
v -0.68110 2.43807 0.27411
v -0.69252 2.43593 0.05482
v -0.69299 2.43584 0.00000
v -0.66606 2.29947 0.00000
v -0.66559 2.29956 0.05482
v -0.69109 2.43619 0.10964
v -0.69252 2.43593 0.05482
v -0.66559 2.29956 0.05482
v -0.66416 2.29983 0.10964
v -0.68871 2.43664 0.16446
v -0.69109 2.43619 0.10964
v -0.66416 2.29983 0.10964
v -0.66178 2.30027 0.16446
v -0.68538 2.43726 0.21929
v -0.68871 2.43664 0.16446
v -0.66178 2.30027 0.16446
v -0.65845 2.30090 0.21929
v -0.60396 2.45311 0.43857
v -0.59588 2.45463 0.49339
v -0.56895 2.31826 0.49339
v -0.57703 2.31675 0.43857
v -0.61110 2.45177 0.38375
v -0.60396 2.45311 0.43857
v -0.57703 2.31675 0.43857
v -0.58417 2.31541 0.38375
v -0.61729 2.45061 0.32893
v -0.61110 2.45177 0.38375
v -0.58417 2.31541 0.38375
v -0.59036 2.31425 0.32893
v -0.62252 2.44963 0.27411
v -0.61729 2.45061 0.32893
v -0.59036 2.31425 0.32893
v -0.59559 2.31327 0.27411
v -0.60701 2.31113 0.05482
v -0.60748 2.31104 0.00000
v -0.63441 2.44741 0.00000
v -0.63394 2.44749 0.05482
v -0.60558 2.31140 0.10964
v -0.60701 2.31113 0.05482
v -0.63394 2.44749 0.05482
v -0.63251 2.44776 0.10964
v -0.60320 2.31184 0.16446
v -0.60558 2.31140 0.10964
v -0.63251 2.44776 0.10964
v -0.63013 2.44821 0.16446
v -0.59987 2.31246 0.21929
v -0.60320 2.31184 0.16446
v -0.63013 2.44821 0.16446
v -0.62680 2.44883 0.21929
v -0.58705 2.30355 0.43857
v -0.57897 2.30506 0.49339
v -0.61324 2.29829 0.49339
v -0.62133 2.29678 0.43857
v -0.59419 2.30221 0.38375
v -0.58705 2.30355 0.43857
v -0.62133 2.29678 0.43857
v -0.62846 2.29544 0.38375
v -0.60038 2.30105 0.32893
v -0.59419 2.30221 0.38375
v -0.62846 2.29544 0.38375
v -0.63465 2.29428 0.32893
v -0.60561 2.30007 0.27411
v -0.60038 2.30105 0.32893
v -0.63465 2.29428 0.32893
v -0.63988 2.29330 0.27411
v -0.65130 2.29116 0.05482
v -0.65178 2.29107 0.00000
v -0.61750 2.29784 0.00000
v -0.61703 2.29793 0.05482
v -0.64987 2.29143 0.10964
v -0.65130 2.29116 0.05482
v -0.61703 2.29793 0.05482
v -0.61560 2.29820 0.10964
v -0.64749 2.29187 0.16446
v -0.64987 2.29143 0.10964
v -0.61560 2.29820 0.10964
v -0.61322 2.29864 0.16446
v -0.64416 2.29250 0.21929
v -0.64749 2.29187 0.16446
v -0.61322 2.29864 0.16446
v -0.60989 2.29927 0.21929
v -0.64822 2.45589 0.05482
v -0.64870 2.45580 0.00000
v -0.68297 2.44904 0.00000
v -0.68250 2.44912 0.05482
v -0.64680 2.45616 0.10964
v -0.64822 2.45589 0.05482
v -0.68250 2.44912 0.05482
v -0.68107 2.44939 0.10964
v -0.64442 2.45661 0.16446
v -0.64680 2.45616 0.10964
v -0.68107 2.44939 0.10964
v -0.67869 2.44984 0.16446
v -0.64109 2.45723 0.21929
v -0.64442 2.45661 0.16446
v -0.67869 2.44984 0.16446
v -0.67536 2.45046 0.21929
v -0.65252 2.45474 0.43857
v -0.64443 2.45626 0.49339
v -0.61016 2.46303 0.49339
v -0.61825 2.46151 0.43857
v -0.65966 2.45341 0.38375
v -0.65252 2.45474 0.43857
v -0.61825 2.46151 0.43857
v -0.62539 2.46017 0.38375
v -0.66584 2.45225 0.32893
v -0.65966 2.45341 0.38375
v -0.62539 2.46017 0.38375
v -0.63157 2.45901 0.32893
v -0.67108 2.45127 0.27411
v -0.66584 2.45225 0.32893
v -0.63157 2.45901 0.32893
v -0.63680 2.45803 0.27411
v -0.66606 2.29947 0.00000
v -0.65178 2.29107 0.00000
v -0.65130 2.29116 0.05482
v -0.66559 2.29956 0.05482
v -0.65445 2.44306 0.49339
v -0.64443 2.45626 0.49339
v -0.65252 2.45474 0.43857
v -0.66254 2.44154 0.43857
v -0.63441 2.44741 0.00000
v -0.64870 2.45580 0.00000
v -0.64822 2.45589 0.05482
v -0.63394 2.44749 0.05482
v -0.56895 2.31826 0.49339
v -0.57897 2.30506 0.49339
v -0.58705 2.30355 0.43857
v -0.57703 2.31675 0.43857
v -0.66559 2.29956 0.05482
v -0.65130 2.29116 0.05482
v -0.64987 2.29143 0.10964
v -0.66416 2.29983 0.10964
v -0.66416 2.29983 0.10964
v -0.64987 2.29143 0.10964
v -0.64749 2.29187 0.16446
v -0.66178 2.30027 0.16446
v -0.66178 2.30027 0.16446
v -0.64749 2.29187 0.16446
v -0.64416 2.29250 0.21929
v -0.65845 2.30090 0.21929
v -0.65845 2.30090 0.21929
v -0.64416 2.29250 0.21929
v -0.63988 2.29330 0.27411
v -0.65417 2.30170 0.27411
v -0.65417 2.30170 0.27411
v -0.63988 2.29330 0.27411
v -0.63465 2.29428 0.32893
v -0.64893 2.30268 0.32893
v -0.64893 2.30268 0.32893
v -0.63465 2.29428 0.32893
v -0.62846 2.29544 0.38375
v -0.64275 2.30384 0.38375
v -0.64275 2.30384 0.38375
v -0.62846 2.29544 0.38375
v -0.62133 2.29678 0.43857
v -0.63561 2.30518 0.43857
v -0.63561 2.30518 0.43857
v -0.62133 2.29678 0.43857
v -0.61324 2.29829 0.49339
v -0.62752 2.30669 0.49339
v -0.66254 2.44154 0.43857
v -0.65252 2.45474 0.43857
v -0.65966 2.45341 0.38375
v -0.66968 2.44021 0.38375
v -0.66968 2.44021 0.38375
v -0.65966 2.45341 0.38375
v -0.66584 2.45225 0.32893
v -0.67586 2.43905 0.32893
v -0.67586 2.43905 0.32893
v -0.66584 2.45225 0.32893
v -0.67108 2.45127 0.27411
v -0.68110 2.43807 0.27411
v -0.68110 2.43807 0.27411
v -0.67108 2.45127 0.27411
v -0.67536 2.45046 0.21929
v -0.68538 2.43726 0.21929
v -0.68538 2.43726 0.21929
v -0.67536 2.45046 0.21929
v -0.67869 2.44984 0.16446
v -0.68871 2.43664 0.16446
v -0.68871 2.43664 0.16446
v -0.67869 2.44984 0.16446
v -0.68107 2.44939 0.10964
v -0.69109 2.43619 0.10964
v -0.69109 2.43619 0.10964
v -0.68107 2.44939 0.10964
v -0.68250 2.44912 0.05482
v -0.69252 2.43593 0.05482
v -0.69252 2.43593 0.05482
v -0.68250 2.44912 0.05482
v -0.68297 2.44904 0.00000
v -0.69299 2.43584 0.00000
v -0.63394 2.44749 0.05482
v -0.64822 2.45589 0.05482
v -0.64680 2.45616 0.10964
v -0.63251 2.44776 0.10964
v -0.63251 2.44776 0.10964
v -0.64680 2.45616 0.10964
v -0.64442 2.45661 0.16446
v -0.63013 2.44821 0.16446
v -0.63013 2.44821 0.16446
v -0.64442 2.45661 0.16446
v -0.64109 2.45723 0.21929
v -0.62680 2.44883 0.21929
v -0.62680 2.44883 0.21929
v -0.64109 2.45723 0.21929
v -0.63680 2.45803 0.27411
v -0.62252 2.44963 0.27411
v -0.62252 2.44963 0.27411
v -0.63680 2.45803 0.27411
v -0.63157 2.45901 0.32893
v -0.61729 2.45061 0.32893
v -0.61729 2.45061 0.32893
v -0.63157 2.45901 0.32893
v -0.62539 2.46017 0.38375
v -0.61110 2.45177 0.38375
v -0.61110 2.45177 0.38375
v -0.62539 2.46017 0.38375
v -0.61825 2.46151 0.43857
v -0.60396 2.45311 0.43857
v -0.60396 2.45311 0.43857
v -0.61825 2.46151 0.43857
v -0.61016 2.46303 0.49339
v -0.59588 2.45463 0.49339
v -0.57703 2.31675 0.43857
v -0.58705 2.30355 0.43857
v -0.59419 2.30221 0.38375
v -0.58417 2.31541 0.38375
v -0.58417 2.31541 0.38375
v -0.59419 2.30221 0.38375
v -0.60038 2.30105 0.32893
v -0.59036 2.31425 0.32893
v -0.59036 2.31425 0.32893
v -0.60038 2.30105 0.32893
v -0.60561 2.30007 0.27411
v -0.59559 2.31327 0.27411
v -0.59559 2.31327 0.27411
v -0.60561 2.30007 0.27411
v -0.60989 2.29927 0.21929
v -0.59987 2.31246 0.21929
v -0.59987 2.31246 0.21929
v -0.60989 2.29927 0.21929
v -0.61322 2.29864 0.16446
v -0.60320 2.31184 0.16446
v -0.60320 2.31184 0.16446
v -0.61322 2.29864 0.16446
v -0.61560 2.29820 0.10964
v -0.60558 2.31140 0.10964
v -0.60558 2.31140 0.10964
v -0.61560 2.29820 0.10964
v -0.61703 2.29793 0.05482
v -0.60701 2.31113 0.05482
v -0.60701 2.31113 0.05482
v -0.61703 2.29793 0.05482
v -0.61750 2.29784 0.00000
v -0.60748 2.31104 0.00000
v -0.55868 1.81570 0.21929
v -0.55483 1.81646 0.27411
v -0.58176 1.95282 0.27411
v -0.58561 1.95206 0.21929
v -0.52703 1.96363 0.21929
v -0.52318 1.96439 0.27411
v -0.49625 1.82802 0.27411
v -0.50010 1.82726 0.21929
v -0.51012 1.81407 0.21929
v -0.50627 1.81483 0.27411
v -0.54054 1.80806 0.27411
v -0.54440 1.80730 0.21929
v -0.53084 1.82118 0.49339
v -0.51656 1.81278 0.49339
v -0.48228 1.81955 0.49339
v -0.47226 1.83275 0.49339
v -0.49919 1.96912 0.49339
v -0.51348 1.97752 0.49339
v -0.54775 1.97075 0.49339
v -0.55777 1.95755 0.49339
v -0.53746 1.97279 0.27411
v -0.54132 1.97203 0.21929
v -0.57559 1.96526 0.21929
v -0.57174 1.96602 0.27411
v -0.53812 1.81975 0.43857
v -0.53084 1.82118 0.49339
v -0.55777 1.95755 0.49339
v -0.56505 1.95611 0.43857
v -0.54455 1.81848 0.38375
v -0.53812 1.81975 0.43857
v -0.56505 1.95611 0.43857
v -0.57148 1.95485 0.38375
v -0.55012 1.81738 0.32893
v -0.54455 1.81848 0.38375
v -0.57148 1.95485 0.38375
v -0.57705 1.95375 0.32893
v -0.55483 1.81646 0.27411
v -0.55012 1.81738 0.32893
v -0.57705 1.95375 0.32893
v -0.58176 1.95282 0.27411
v -0.59204 1.95080 0.05482
v -0.59247 1.95071 0.00000
v -0.56553 1.81435 0.00000
v -0.56511 1.81443 0.05482
v -0.59075 1.95105 0.10964
v -0.59204 1.95080 0.05482
v -0.56511 1.81443 0.05482
v -0.56382 1.81468 0.10964
v -0.58861 1.95147 0.16446
v -0.59075 1.95105 0.10964
v -0.56382 1.81468 0.10964
v -0.56168 1.81511 0.16446
v -0.58561 1.95206 0.21929
v -0.58861 1.95147 0.16446
v -0.56168 1.81511 0.16446
v -0.55868 1.81570 0.21929
v -0.50647 1.96768 0.43857
v -0.49919 1.96912 0.49339
v -0.47226 1.83275 0.49339
v -0.47954 1.83132 0.43857
v -0.51290 1.96642 0.38375
v -0.50647 1.96768 0.43857
v -0.47954 1.83132 0.43857
v -0.48597 1.83005 0.38375
v -0.51847 1.96532 0.32893
v -0.51290 1.96642 0.38375
v -0.48597 1.83005 0.38375
v -0.49154 1.82895 0.32893
v -0.52318 1.96439 0.27411
v -0.51847 1.96532 0.32893
v -0.49154 1.82895 0.32893
v -0.49625 1.82802 0.27411
v -0.50653 1.82600 0.05482
v -0.50696 1.82591 0.00000
v -0.53389 1.96228 0.00000
v -0.53346 1.96236 0.05482
v -0.50524 1.82625 0.10964
v -0.50653 1.82600 0.05482
v -0.53346 1.96236 0.05482
v -0.53217 1.96262 0.10964
v -0.50310 1.82667 0.16446
v -0.50524 1.82625 0.10964
v -0.53217 1.96262 0.10964
v -0.53003 1.96304 0.16446
v -0.50010 1.82726 0.21929
v -0.50310 1.82667 0.16446
v -0.53003 1.96304 0.16446
v -0.52703 1.96363 0.21929
v -0.48956 1.81812 0.43857
v -0.48228 1.81955 0.49339
v -0.51656 1.81278 0.49339
v -0.52384 1.81135 0.43857
v -0.49599 1.81685 0.38375
v -0.48956 1.81812 0.43857
v -0.52384 1.81135 0.43857
v -0.53026 1.81008 0.38375
v -0.50156 1.81575 0.32893
v -0.49599 1.81685 0.38375
v -0.53026 1.81008 0.38375
v -0.53583 1.80899 0.32893
v -0.50627 1.81483 0.27411
v -0.50156 1.81575 0.32893
v -0.53583 1.80899 0.32893
v -0.54054 1.80806 0.27411
v -0.55082 1.80603 0.05482
v -0.55125 1.80595 0.00000
v -0.51698 1.81272 0.00000
v -0.51655 1.81280 0.05482
v -0.54954 1.80629 0.10964
v -0.55082 1.80603 0.05482
v -0.51655 1.81280 0.05482
v -0.51526 1.81305 0.10964
v -0.54740 1.80671 0.16446
v -0.54954 1.80629 0.10964
v -0.51526 1.81305 0.10964
v -0.51312 1.81348 0.16446
v -0.54440 1.80730 0.21929
v -0.54740 1.80671 0.16446
v -0.51312 1.81348 0.16446
v -0.51012 1.81407 0.21929
v -0.54774 1.97076 0.05482
v -0.54817 1.97068 0.00000
v -0.58244 1.96391 0.00000
v -0.58202 1.96400 0.05482
v -0.54646 1.97102 0.10964
v -0.54774 1.97076 0.05482
v -0.58202 1.96400 0.05482
v -0.58073 1.96425 0.10964
v -0.54432 1.97144 0.16446
v -0.54646 1.97102 0.10964
v -0.58073 1.96425 0.10964
v -0.57859 1.96467 0.16446
v -0.54132 1.97203 0.21929
v -0.54432 1.97144 0.16446
v -0.57859 1.96467 0.16446
v -0.57559 1.96526 0.21929
v -0.55503 1.96931 0.43857
v -0.54775 1.97075 0.49339
v -0.51348 1.97752 0.49339
v -0.52076 1.97608 0.43857
v -0.56146 1.96805 0.38375
v -0.55503 1.96931 0.43857
v -0.52076 1.97608 0.43857
v -0.52718 1.97481 0.38375
v -0.56703 1.96695 0.32893
v -0.56146 1.96805 0.38375
v -0.52718 1.97481 0.38375
v -0.53275 1.97372 0.32893
v -0.57174 1.96602 0.27411
v -0.56703 1.96695 0.32893
v -0.53275 1.97372 0.32893
v -0.53746 1.97279 0.27411
v -0.56553 1.81435 0.00000
v -0.55125 1.80595 0.00000
v -0.55082 1.80603 0.05482
v -0.56511 1.81443 0.05482
v -0.55777 1.95755 0.49339
v -0.54775 1.97075 0.49339
v -0.55503 1.96931 0.43857
v -0.56505 1.95611 0.43857
v -0.53389 1.96228 0.00000
v -0.54817 1.97068 0.00000
v -0.54774 1.97076 0.05482
v -0.53346 1.96236 0.05482
v -0.47226 1.83275 0.49339
v -0.48228 1.81955 0.49339
v -0.48956 1.81812 0.43857
v -0.47954 1.83132 0.43857
v -0.56511 1.81443 0.05482
v -0.55082 1.80603 0.05482
v -0.54954 1.80629 0.10964
v -0.56382 1.81468 0.10964
v -0.56382 1.81468 0.10964
v -0.54954 1.80629 0.10964
v -0.54740 1.80671 0.16446
v -0.56168 1.81511 0.16446
v -0.56168 1.81511 0.16446
v -0.54740 1.80671 0.16446
v -0.54440 1.80730 0.21929
v -0.55868 1.81570 0.21929
v -0.55868 1.81570 0.21929
v -0.54440 1.80730 0.21929
v -0.54054 1.80806 0.27411
v -0.55483 1.81646 0.27411
v -0.55483 1.81646 0.27411
v -0.54054 1.80806 0.27411
v -0.53583 1.80899 0.32893
v -0.55012 1.81738 0.32893
v -0.55012 1.81738 0.32893
v -0.53583 1.80899 0.32893
v -0.53026 1.81008 0.38375
v -0.54455 1.81848 0.38375
v -0.54455 1.81848 0.38375
v -0.53026 1.81008 0.38375
v -0.52384 1.81135 0.43857
v -0.53812 1.81975 0.43857
v -0.53812 1.81975 0.43857
v -0.52384 1.81135 0.43857
v -0.51656 1.81278 0.49339
v -0.53084 1.82118 0.49339
v -0.56505 1.95611 0.43857
v -0.55503 1.96931 0.43857
v -0.56146 1.96805 0.38375
v -0.57148 1.95485 0.38375
v -0.57148 1.95485 0.38375
v -0.56146 1.96805 0.38375
v -0.56703 1.96695 0.32893
v -0.57705 1.95375 0.32893
v -0.57705 1.95375 0.32893
v -0.56703 1.96695 0.32893
v -0.57174 1.96602 0.27411
v -0.58176 1.95282 0.27411
v -0.58176 1.95282 0.27411
v -0.57174 1.96602 0.27411
v -0.57559 1.96526 0.21929
v -0.58561 1.95206 0.21929
v -0.58561 1.95206 0.21929
v -0.57559 1.96526 0.21929
v -0.57859 1.96467 0.16446
v -0.58861 1.95147 0.16446
v -0.58861 1.95147 0.16446
v -0.57859 1.96467 0.16446
v -0.58073 1.96425 0.10964
v -0.59075 1.95105 0.10964
v -0.59075 1.95105 0.10964
v -0.58073 1.96425 0.10964
v -0.58202 1.96400 0.05482
v -0.59204 1.95080 0.05482
v -0.59204 1.95080 0.05482
v -0.58202 1.96400 0.05482
v -0.58244 1.96391 0.00000
v -0.59247 1.95071 0.00000
v -0.53346 1.96236 0.05482
v -0.54774 1.97076 0.05482
v -0.54646 1.97102 0.10964
v -0.53217 1.96262 0.10964
v -0.53217 1.96262 0.10964
v -0.54646 1.97102 0.10964
v -0.54432 1.97144 0.16446
v -0.53003 1.96304 0.16446
v -0.53003 1.96304 0.16446
v -0.54432 1.97144 0.16446
v -0.54132 1.97203 0.21929
v -0.52703 1.96363 0.21929
v -0.52703 1.96363 0.21929
v -0.54132 1.97203 0.21929
v -0.53746 1.97279 0.27411
v -0.52318 1.96439 0.27411
v -0.52318 1.96439 0.27411
v -0.53746 1.97279 0.27411
v -0.53275 1.97372 0.32893
v -0.51847 1.96532 0.32893
v -0.51847 1.96532 0.32893
v -0.53275 1.97372 0.32893
v -0.52718 1.97481 0.38375
v -0.51290 1.96642 0.38375
v -0.51290 1.96642 0.38375
v -0.52718 1.97481 0.38375
v -0.52076 1.97608 0.43857
v -0.50647 1.96768 0.43857
v -0.50647 1.96768 0.43857
v -0.52076 1.97608 0.43857
v -0.51348 1.97752 0.49339
v -0.49919 1.96912 0.49339
v -0.47954 1.83132 0.43857
v -0.48956 1.81812 0.43857
v -0.49599 1.81685 0.38375
v -0.48597 1.83005 0.38375
v -0.48597 1.83005 0.38375
v -0.49599 1.81685 0.38375
v -0.50156 1.81575 0.32893
v -0.49154 1.82895 0.32893
v -0.49154 1.82895 0.32893
v -0.50156 1.81575 0.32893
v -0.50627 1.81483 0.27411
v -0.49625 1.82802 0.27411
v -0.49625 1.82802 0.27411
v -0.50627 1.81483 0.27411
v -0.51012 1.81407 0.21929
v -0.50010 1.82726 0.21929
v -0.50010 1.82726 0.21929
v -0.51012 1.81407 0.21929
v -0.51312 1.81348 0.16446
v -0.50310 1.82667 0.16446
v -0.50310 1.82667 0.16446
v -0.51312 1.81348 0.16446
v -0.51526 1.81305 0.10964
v -0.50524 1.82625 0.10964
v -0.50524 1.82625 0.10964
v -0.51526 1.81305 0.10964
v -0.51655 1.81280 0.05482
v -0.50653 1.82600 0.05482
v -0.50653 1.82600 0.05482
v -0.51655 1.81280 0.05482
v -0.51698 1.81272 0.00000
v -0.50696 1.82591 0.00000
v -0.44368 1.32789 0.49101
v -0.70571 2.65572 0.49101
v -0.62825 2.67103 0.49101
v -0.36281 1.32789 0.49101
v -0.44368 1.32789 0.59506
v -0.36281 1.32789 0.59506
v -0.62825 2.67103 0.59506
v -0.70571 2.65572 0.59506
v -0.35281 1.32789 0.50101
v -0.61844 2.67297 0.50101
v -0.61844 2.67297 0.58506
v -0.35281 1.32789 0.58506
v -0.63019 2.68084 0.50101
v -0.70765 2.66553 0.50101
v -0.70765 2.66553 0.58506
v -0.63019 2.68084 0.58506
v -0.71552 2.65378 0.50101
v -0.45368 1.32789 0.50101
v -0.45368 1.32789 0.58506
v -0.71552 2.65378 0.58506
v -0.44368 1.32789 0.49101
v -0.36281 1.32789 0.49101
v -0.37246 1.26471 0.49101
v -0.45333 1.26471 0.49101
v -0.35281 1.32789 0.50101
v -0.35281 1.32789 0.58506
v -0.36246 1.26471 0.58506
v -0.36246 1.26471 0.50101
v -0.36281 1.32789 0.59506
v -0.44368 1.32789 0.59506
v -0.45333 1.26471 0.59506
v -0.37246 1.26471 0.59506
v -0.45368 1.32789 0.58506
v -0.45368 1.32789 0.50101
v -0.46333 1.26471 0.50101
v -0.46333 1.26471 0.58506
v -0.71552 2.65378 0.50101
v -0.70765 2.66553 0.50101
v -0.70571 2.65572 0.49101
v -0.62825 2.67103 0.49101
v -0.63019 2.68084 0.50101
v -0.61844 2.67297 0.50101
v -0.71552 2.65378 0.58506
v -0.70571 2.65572 0.59506
v -0.70765 2.66553 0.58506
v -0.63019 2.68084 0.58506
v -0.62825 2.67103 0.59506
v -0.61844 2.67297 0.58506
v -0.44368 1.32789 0.49101
v -0.45368 1.32789 0.50101
v -0.71552 2.65378 0.50101
v -0.70571 2.65572 0.49101
v -0.70571 2.65572 0.49101
v -0.70765 2.66553 0.50101
v -0.63019 2.68084 0.50101
v -0.62825 2.67103 0.49101
v -0.62825 2.67103 0.49101
v -0.61844 2.67297 0.50101
v -0.35281 1.32789 0.50101
v -0.36281 1.32789 0.49101
v -0.36281 1.32789 0.59506
v -0.35281 1.32789 0.58506
v -0.61844 2.67297 0.58506
v -0.62825 2.67103 0.59506
v -0.62825 2.67103 0.59506
v -0.63019 2.68084 0.58506
v -0.70765 2.66553 0.58506
v -0.70571 2.65572 0.59506
v -0.70571 2.65572 0.59506
v -0.71552 2.65378 0.58506
v -0.45368 1.32789 0.58506
v -0.44368 1.32789 0.59506
v -0.61844 2.67297 0.50101
v -0.63019 2.68084 0.50101
v -0.63019 2.68084 0.58506
v -0.61844 2.67297 0.58506
v -0.70765 2.66553 0.50101
v -0.71552 2.65378 0.50101
v -0.71552 2.65378 0.58506
v -0.70765 2.66553 0.58506
v -0.45368 1.32789 0.50101
v -0.44368 1.32789 0.49101
v -0.45333 1.26471 0.49101
v -0.46333 1.26471 0.50101
v -0.36281 1.32789 0.49101
v -0.35281 1.32789 0.50101
v -0.36246 1.26471 0.50101
v -0.37246 1.26471 0.49101
v -0.35281 1.32789 0.58506
v -0.36281 1.32789 0.59506
v -0.37246 1.26471 0.59506
v -0.36246 1.26471 0.58506
v -0.44368 1.32789 0.59506
v -0.45368 1.32789 0.58506
v -0.46333 1.26471 0.58506
v -0.45333 1.26471 0.59506
v -0.65845 2.30090 -0.21928
v -0.68538 2.43726 -0.21928
v -0.68110 2.43807 -0.27411
v -0.65417 2.30170 -0.27411
v -0.62680 2.44883 -0.21928
v -0.59987 2.31246 -0.21928
v -0.59559 2.31327 -0.27411
v -0.62252 2.44963 -0.27411
v -0.60989 2.29927 -0.21928
v -0.64416 2.29250 -0.21928
v -0.63988 2.29330 -0.27411
v -0.60561 2.30007 -0.27411
v -0.62752 2.30669 -0.49339
v -0.65445 2.44306 -0.49339
v -0.64443 2.45626 -0.49339
v -0.61016 2.46303 -0.49339
v -0.59588 2.45463 -0.49339
v -0.56895 2.31826 -0.49339
v -0.57897 2.30506 -0.49339
v -0.61324 2.29829 -0.49339
v -0.63680 2.45803 -0.27410
v -0.67108 2.45127 -0.27411
v -0.67536 2.45046 -0.21928
v -0.64109 2.45723 -0.21928
v -0.63561 2.30518 -0.43857
v -0.66254 2.44154 -0.43857
v -0.65445 2.44306 -0.49339
v -0.62752 2.30669 -0.49339
v -0.64275 2.30384 -0.38375
v -0.66968 2.44021 -0.38375
v -0.66254 2.44154 -0.43857
v -0.63561 2.30518 -0.43857
v -0.64893 2.30268 -0.32893
v -0.67586 2.43905 -0.32893
v -0.66968 2.44021 -0.38375
v -0.64275 2.30384 -0.38375
v -0.65417 2.30170 -0.27411
v -0.68110 2.43807 -0.27411
v -0.67586 2.43905 -0.32893
v -0.64893 2.30268 -0.32893
v -0.69252 2.43593 -0.05482
v -0.66559 2.29956 -0.05482
v -0.66606 2.29947 0.00000
v -0.69299 2.43584 0.00000
v -0.69109 2.43619 -0.10964
v -0.66416 2.29983 -0.10964
v -0.66559 2.29956 -0.05482
v -0.69252 2.43593 -0.05482
v -0.68871 2.43664 -0.16446
v -0.66178 2.30027 -0.16446
v -0.66416 2.29983 -0.10964
v -0.69109 2.43619 -0.10964
v -0.68538 2.43726 -0.21928
v -0.65845 2.30090 -0.21928
v -0.66178 2.30027 -0.16446
v -0.68871 2.43664 -0.16446
v -0.60396 2.45311 -0.43857
v -0.57703 2.31675 -0.43857
v -0.56895 2.31826 -0.49339
v -0.59588 2.45463 -0.49339
v -0.61110 2.45177 -0.38375
v -0.58417 2.31541 -0.38375
v -0.57703 2.31675 -0.43857
v -0.60396 2.45311 -0.43857
v -0.61729 2.45061 -0.32893
v -0.59036 2.31425 -0.32893
v -0.58417 2.31541 -0.38375
v -0.61110 2.45177 -0.38375
v -0.62252 2.44963 -0.27411
v -0.59559 2.31327 -0.27411
v -0.59036 2.31425 -0.32893
v -0.61729 2.45061 -0.32893
v -0.60701 2.31113 -0.05482
v -0.63394 2.44749 -0.05482
v -0.63441 2.44741 0.00000
v -0.60748 2.31104 0.00000
v -0.60558 2.31140 -0.10964
v -0.63251 2.44776 -0.10964
v -0.63394 2.44749 -0.05482
v -0.60701 2.31113 -0.05482
v -0.60320 2.31184 -0.16446
v -0.63013 2.44821 -0.16446
v -0.63251 2.44776 -0.10964
v -0.60558 2.31140 -0.10964
v -0.59987 2.31246 -0.21928
v -0.62680 2.44883 -0.21928
v -0.63013 2.44821 -0.16446
v -0.60320 2.31184 -0.16446
v -0.58705 2.30355 -0.43857
v -0.62133 2.29678 -0.43857
v -0.61324 2.29829 -0.49339
v -0.57897 2.30506 -0.49339
v -0.59419 2.30221 -0.38375
v -0.62846 2.29544 -0.38375
v -0.62133 2.29678 -0.43857
v -0.58705 2.30355 -0.43857
v -0.60038 2.30105 -0.32893
v -0.63465 2.29428 -0.32893
v -0.62846 2.29544 -0.38375
v -0.59419 2.30221 -0.38375
v -0.60561 2.30007 -0.27411
v -0.63988 2.29330 -0.27411
v -0.63465 2.29428 -0.32893
v -0.60038 2.30105 -0.32893
v -0.65130 2.29116 -0.05482
v -0.61703 2.29793 -0.05482
v -0.61750 2.29784 0.00000
v -0.65178 2.29107 0.00000
v -0.64987 2.29143 -0.10964
v -0.61560 2.29820 -0.10964
v -0.61703 2.29793 -0.05482
v -0.65130 2.29116 -0.05482
v -0.64750 2.29187 -0.16446
v -0.61322 2.29864 -0.16446
v -0.61560 2.29820 -0.10964
v -0.64987 2.29143 -0.10964
v -0.64416 2.29250 -0.21928
v -0.60989 2.29927 -0.21928
v -0.61322 2.29864 -0.16446
v -0.64750 2.29187 -0.16446
v -0.64822 2.45589 -0.05482
v -0.68250 2.44912 -0.05482
v -0.68297 2.44904 0.00000
v -0.64870 2.45580 0.00000
v -0.64680 2.45616 -0.10964
v -0.68107 2.44939 -0.10964
v -0.68250 2.44912 -0.05482
v -0.64822 2.45589 -0.05482
v -0.64442 2.45661 -0.16446
v -0.67869 2.44984 -0.16446
v -0.68107 2.44939 -0.10964
v -0.64680 2.45616 -0.10964
v -0.64109 2.45723 -0.21928
v -0.67536 2.45046 -0.21928
v -0.67869 2.44984 -0.16446
v -0.64442 2.45661 -0.16446
v -0.65252 2.45474 -0.43857
v -0.61825 2.46151 -0.43857
v -0.61016 2.46303 -0.49339
v -0.64443 2.45626 -0.49339
v -0.65966 2.45341 -0.38375
v -0.62539 2.46017 -0.38375
v -0.61825 2.46151 -0.43857
v -0.65252 2.45474 -0.43857
v -0.66584 2.45225 -0.32893
v -0.63157 2.45901 -0.32893
v -0.62539 2.46017 -0.38375
v -0.65966 2.45341 -0.38375
v -0.67108 2.45127 -0.27411
v -0.63680 2.45803 -0.27410
v -0.63157 2.45901 -0.32893
v -0.66584 2.45225 -0.32893
v -0.66606 2.29947 0.00000
v -0.66559 2.29956 -0.05482
v -0.65130 2.29116 -0.05482
v -0.65178 2.29107 0.00000
v -0.65445 2.44306 -0.49339
v -0.66254 2.44154 -0.43857
v -0.65252 2.45474 -0.43857
v -0.64443 2.45626 -0.49339
v -0.63441 2.44741 0.00000
v -0.63394 2.44749 -0.05482
v -0.64822 2.45589 -0.05482
v -0.64870 2.45580 0.00000
v -0.56895 2.31826 -0.49339
v -0.57703 2.31675 -0.43857
v -0.58705 2.30355 -0.43857
v -0.57897 2.30506 -0.49339
v -0.66559 2.29956 -0.05482
v -0.66416 2.29983 -0.10964
v -0.64987 2.29143 -0.10964
v -0.65130 2.29116 -0.05482
v -0.66416 2.29983 -0.10964
v -0.66178 2.30027 -0.16446
v -0.64750 2.29187 -0.16446
v -0.64987 2.29143 -0.10964
v -0.66178 2.30027 -0.16446
v -0.65845 2.30090 -0.21928
v -0.64416 2.29250 -0.21928
v -0.64750 2.29187 -0.16446
v -0.65845 2.30090 -0.21928
v -0.65417 2.30170 -0.27411
v -0.63988 2.29330 -0.27411
v -0.64416 2.29250 -0.21928
v -0.65417 2.30170 -0.27411
v -0.64893 2.30268 -0.32893
v -0.63465 2.29428 -0.32893
v -0.63988 2.29330 -0.27411
v -0.64893 2.30268 -0.32893
v -0.64275 2.30384 -0.38375
v -0.62846 2.29544 -0.38375
v -0.63465 2.29428 -0.32893
v -0.64275 2.30384 -0.38375
v -0.63561 2.30518 -0.43857
v -0.62133 2.29678 -0.43857
v -0.62846 2.29544 -0.38375
v -0.63561 2.30518 -0.43857
v -0.62752 2.30669 -0.49339
v -0.61324 2.29829 -0.49339
v -0.62133 2.29678 -0.43857
v -0.66254 2.44154 -0.43857
v -0.66968 2.44021 -0.38375
v -0.65966 2.45341 -0.38375
v -0.65252 2.45474 -0.43857
v -0.66968 2.44021 -0.38375
v -0.67586 2.43905 -0.32893
v -0.66584 2.45225 -0.32893
v -0.65966 2.45341 -0.38375
v -0.67586 2.43905 -0.32893
v -0.68110 2.43807 -0.27411
v -0.67108 2.45127 -0.27411
v -0.66584 2.45225 -0.32893
v -0.68110 2.43807 -0.27411
v -0.68538 2.43726 -0.21928
v -0.67536 2.45046 -0.21928
v -0.67108 2.45127 -0.27411
v -0.68538 2.43726 -0.21928
v -0.68871 2.43664 -0.16446
v -0.67869 2.44984 -0.16446
v -0.67536 2.45046 -0.21928
v -0.68871 2.43664 -0.16446
v -0.69109 2.43619 -0.10964
v -0.68107 2.44939 -0.10964
v -0.67869 2.44984 -0.16446
v -0.69109 2.43619 -0.10964
v -0.69252 2.43593 -0.05482
v -0.68250 2.44912 -0.05482
v -0.68107 2.44939 -0.10964
v -0.69252 2.43593 -0.05482
v -0.69299 2.43584 0.00000
v -0.68297 2.44904 0.00000
v -0.68250 2.44912 -0.05482
v -0.63394 2.44749 -0.05482
v -0.63251 2.44776 -0.10964
v -0.64680 2.45616 -0.10964
v -0.64822 2.45589 -0.05482
v -0.63251 2.44776 -0.10964
v -0.63013 2.44821 -0.16446
v -0.64442 2.45661 -0.16446
v -0.64680 2.45616 -0.10964
v -0.63013 2.44821 -0.16446
v -0.62680 2.44883 -0.21928
v -0.64109 2.45723 -0.21928
v -0.64442 2.45661 -0.16446
v -0.62680 2.44883 -0.21928
v -0.62252 2.44963 -0.27411
v -0.63680 2.45803 -0.27410
v -0.64109 2.45723 -0.21928
v -0.62252 2.44963 -0.27411
v -0.61729 2.45061 -0.32893
v -0.63157 2.45901 -0.32893
v -0.63680 2.45803 -0.27410
v -0.61729 2.45061 -0.32893
v -0.61110 2.45177 -0.38375
v -0.62539 2.46017 -0.38375
v -0.63157 2.45901 -0.32893
v -0.61110 2.45177 -0.38375
v -0.60396 2.45311 -0.43857
v -0.61825 2.46151 -0.43857
v -0.62539 2.46017 -0.38375
v -0.60396 2.45311 -0.43857
v -0.59588 2.45463 -0.49339
v -0.61016 2.46303 -0.49339
v -0.61825 2.46151 -0.43857
v -0.57703 2.31675 -0.43857
v -0.58417 2.31541 -0.38375
v -0.59419 2.30221 -0.38375
v -0.58705 2.30355 -0.43857
v -0.58417 2.31541 -0.38375
v -0.59036 2.31425 -0.32893
v -0.60038 2.30105 -0.32893
v -0.59419 2.30221 -0.38375
v -0.59036 2.31425 -0.32893
v -0.59559 2.31327 -0.27411
v -0.60561 2.30007 -0.27411
v -0.60038 2.30105 -0.32893
v -0.59559 2.31327 -0.27411
v -0.59987 2.31246 -0.21928
v -0.60989 2.29927 -0.21928
v -0.60561 2.30007 -0.27411
v -0.59987 2.31246 -0.21928
v -0.60320 2.31184 -0.16446
v -0.61322 2.29864 -0.16446
v -0.60989 2.29927 -0.21928
v -0.60320 2.31184 -0.16446
v -0.60558 2.31140 -0.10964
v -0.61560 2.29820 -0.10964
v -0.61322 2.29864 -0.16446
v -0.60558 2.31140 -0.10964
v -0.60701 2.31113 -0.05482
v -0.61703 2.29793 -0.05482
v -0.61560 2.29820 -0.10964
v -0.60701 2.31113 -0.05482
v -0.60748 2.31104 0.00000
v -0.61750 2.29784 0.00000
v -0.61703 2.29793 -0.05482
v -0.55868 1.81570 -0.21928
v -0.58561 1.95206 -0.21928
v -0.58176 1.95282 -0.27411
v -0.55483 1.81646 -0.27411
v -0.52703 1.96363 -0.21928
v -0.50010 1.82727 -0.21928
v -0.49625 1.82802 -0.27411
v -0.52318 1.96439 -0.27411
v -0.51012 1.81407 -0.21928
v -0.54440 1.80730 -0.21928
v -0.54054 1.80806 -0.27411
v -0.50627 1.81483 -0.27411
v -0.53084 1.82118 -0.49339
v -0.55777 1.95755 -0.49339
v -0.54775 1.97075 -0.49339
v -0.51348 1.97752 -0.49339
v -0.49919 1.96912 -0.49339
v -0.47226 1.83275 -0.49339
v -0.48228 1.81955 -0.49339
v -0.51656 1.81278 -0.49339
v -0.53746 1.97279 -0.27411
v -0.57174 1.96602 -0.27411
v -0.57559 1.96526 -0.21928
v -0.54132 1.97203 -0.21928
v -0.53812 1.81975 -0.43857
v -0.56505 1.95611 -0.43857
v -0.55777 1.95755 -0.49339
v -0.53084 1.82118 -0.49339
v -0.54455 1.81848 -0.38375
v -0.57148 1.95485 -0.38375
v -0.56505 1.95611 -0.43857
v -0.53812 1.81975 -0.43857
v -0.55012 1.81738 -0.32893
v -0.57705 1.95375 -0.32893
v -0.57148 1.95485 -0.38375
v -0.54455 1.81848 -0.38375
v -0.55483 1.81646 -0.27411
v -0.58176 1.95282 -0.27411
v -0.57705 1.95375 -0.32893
v -0.55012 1.81738 -0.32893
v -0.59204 1.95080 -0.05482
v -0.56511 1.81443 -0.05482
v -0.56553 1.81435 0.00000
v -0.59247 1.95071 0.00000
v -0.59075 1.95105 -0.10964
v -0.56382 1.81468 -0.10964
v -0.56511 1.81443 -0.05482
v -0.59204 1.95080 -0.05482
v -0.58861 1.95147 -0.16446
v -0.56168 1.81511 -0.16446
v -0.56382 1.81468 -0.10964
v -0.59075 1.95105 -0.10964
v -0.58561 1.95206 -0.21928
v -0.55868 1.81570 -0.21928
v -0.56168 1.81511 -0.16446
v -0.58861 1.95147 -0.16446
v -0.50647 1.96768 -0.43857
v -0.47954 1.83132 -0.43857
v -0.47226 1.83275 -0.49339
v -0.49919 1.96912 -0.49339
v -0.51290 1.96642 -0.38375
v -0.48597 1.83005 -0.38375
v -0.47954 1.83132 -0.43857
v -0.50647 1.96768 -0.43857
v -0.51847 1.96532 -0.32893
v -0.49154 1.82895 -0.32893
v -0.48597 1.83005 -0.38375
v -0.51290 1.96642 -0.38375
v -0.52318 1.96439 -0.27411
v -0.49625 1.82802 -0.27411
v -0.49154 1.82895 -0.32893
v -0.51847 1.96532 -0.32893
v -0.50653 1.82600 -0.05482
v -0.53346 1.96236 -0.05482
v -0.53389 1.96228 0.00000
v -0.50696 1.82591 0.00000
v -0.50524 1.82625 -0.10964
v -0.53217 1.96262 -0.10964
v -0.53346 1.96236 -0.05482
v -0.50653 1.82600 -0.05482
v -0.50310 1.82667 -0.16446
v -0.53003 1.96304 -0.16446
v -0.53217 1.96262 -0.10964
v -0.50524 1.82625 -0.10964
v -0.50010 1.82727 -0.21928
v -0.52703 1.96363 -0.21928
v -0.53003 1.96304 -0.16446
v -0.50310 1.82667 -0.16446
v -0.48956 1.81812 -0.43857
v -0.52384 1.81135 -0.43857
v -0.51656 1.81278 -0.49339
v -0.48228 1.81955 -0.49339
v -0.49599 1.81685 -0.38375
v -0.53026 1.81008 -0.38375
v -0.52384 1.81135 -0.43857
v -0.48956 1.81812 -0.43857
v -0.50156 1.81575 -0.32893
v -0.53583 1.80899 -0.32893
v -0.53026 1.81008 -0.38375
v -0.49599 1.81685 -0.38375
v -0.50627 1.81483 -0.27411
v -0.54054 1.80806 -0.27411
v -0.53583 1.80899 -0.32893
v -0.50156 1.81575 -0.32893
v -0.55082 1.80603 -0.05482
v -0.51655 1.81280 -0.05482
v -0.51698 1.81272 0.00000
v -0.55125 1.80595 0.00000
v -0.54954 1.80629 -0.10964
v -0.51526 1.81305 -0.10964
v -0.51655 1.81280 -0.05482
v -0.55082 1.80603 -0.05482
v -0.54740 1.80671 -0.16446
v -0.51312 1.81348 -0.16446
v -0.51526 1.81305 -0.10964
v -0.54954 1.80629 -0.10964
v -0.54440 1.80730 -0.21928
v -0.51012 1.81407 -0.21928
v -0.51312 1.81348 -0.16446
v -0.54740 1.80671 -0.16446
v -0.54774 1.97076 -0.05482
v -0.58202 1.96400 -0.05482
v -0.58244 1.96391 0.00000
v -0.54817 1.97068 0.00000
v -0.54646 1.97102 -0.10964
v -0.58073 1.96425 -0.10964
v -0.58202 1.96400 -0.05482
v -0.54774 1.97076 -0.05482
v -0.54432 1.97144 -0.16446
v -0.57859 1.96467 -0.16446
v -0.58073 1.96425 -0.10964
v -0.54646 1.97102 -0.10964
v -0.54132 1.97203 -0.21928
v -0.57559 1.96526 -0.21928
v -0.57859 1.96467 -0.16446
v -0.54432 1.97144 -0.16446
v -0.55503 1.96931 -0.43857
v -0.52076 1.97608 -0.43857
v -0.51348 1.97752 -0.49339
v -0.54775 1.97075 -0.49339
v -0.56146 1.96805 -0.38375
v -0.52718 1.97481 -0.38375
v -0.52076 1.97608 -0.43857
v -0.55503 1.96931 -0.43857
v -0.56703 1.96695 -0.32893
v -0.53275 1.97372 -0.32893
v -0.52718 1.97481 -0.38375
v -0.56146 1.96805 -0.38375
v -0.57174 1.96602 -0.27411
v -0.53746 1.97279 -0.27411
v -0.53275 1.97372 -0.32893
v -0.56703 1.96695 -0.32893
v -0.56553 1.81435 0.00000
v -0.56511 1.81443 -0.05482
v -0.55082 1.80603 -0.05482
v -0.55125 1.80595 0.00000
v -0.55777 1.95755 -0.49339
v -0.56505 1.95611 -0.43857
v -0.55503 1.96931 -0.43857
v -0.54775 1.97075 -0.49339
v -0.53389 1.96228 0.00000
v -0.53346 1.96236 -0.05482
v -0.54774 1.97076 -0.05482
v -0.54817 1.97068 0.00000
v -0.47226 1.83275 -0.49339
v -0.47954 1.83132 -0.43857
v -0.48956 1.81812 -0.43857
v -0.48228 1.81955 -0.49339
v -0.56511 1.81443 -0.05482
v -0.56382 1.81468 -0.10964
v -0.54954 1.80629 -0.10964
v -0.55082 1.80603 -0.05482
v -0.56382 1.81468 -0.10964
v -0.56168 1.81511 -0.16446
v -0.54740 1.80671 -0.16446
v -0.54954 1.80629 -0.10964
v -0.56168 1.81511 -0.16446
v -0.55868 1.81570 -0.21928
v -0.54440 1.80730 -0.21928
v -0.54740 1.80671 -0.16446
v -0.55868 1.81570 -0.21928
v -0.55483 1.81646 -0.27411
v -0.54054 1.80806 -0.27411
v -0.54440 1.80730 -0.21928
v -0.55483 1.81646 -0.27411
v -0.55012 1.81738 -0.32893
v -0.53583 1.80899 -0.32893
v -0.54054 1.80806 -0.27411
v -0.55012 1.81738 -0.32893
v -0.54455 1.81848 -0.38375
v -0.53026 1.81008 -0.38375
v -0.53583 1.80899 -0.32893
v -0.54455 1.81848 -0.38375
v -0.53812 1.81975 -0.43857
v -0.52384 1.81135 -0.43857
v -0.53026 1.81008 -0.38375
v -0.53812 1.81975 -0.43857
v -0.53084 1.82118 -0.49339
v -0.51656 1.81278 -0.49339
v -0.52384 1.81135 -0.43857
v -0.56505 1.95611 -0.43857
v -0.57148 1.95485 -0.38375
v -0.56146 1.96805 -0.38375
v -0.55503 1.96931 -0.43857
v -0.57148 1.95485 -0.38375
v -0.57705 1.95375 -0.32893
v -0.56703 1.96695 -0.32893
v -0.56146 1.96805 -0.38375
v -0.57705 1.95375 -0.32893
v -0.58176 1.95282 -0.27411
v -0.57174 1.96602 -0.27411
v -0.56703 1.96695 -0.32893
v -0.58176 1.95282 -0.27411
v -0.58561 1.95206 -0.21928
v -0.57559 1.96526 -0.21928
v -0.57174 1.96602 -0.27411
v -0.58561 1.95206 -0.21928
v -0.58861 1.95147 -0.16446
v -0.57859 1.96467 -0.16446
v -0.57559 1.96526 -0.21928
v -0.58861 1.95147 -0.16446
v -0.59075 1.95105 -0.10964
v -0.58073 1.96425 -0.10964
v -0.57859 1.96467 -0.16446
v -0.59075 1.95105 -0.10964
v -0.59204 1.95080 -0.05482
v -0.58202 1.96400 -0.05482
v -0.58073 1.96425 -0.10964
v -0.59204 1.95080 -0.05482
v -0.59247 1.95071 0.00000
v -0.58244 1.96391 0.00000
v -0.58202 1.96400 -0.05482
v -0.53346 1.96236 -0.05482
v -0.53217 1.96262 -0.10964
v -0.54646 1.97102 -0.10964
v -0.54774 1.97076 -0.05482
v -0.53217 1.96262 -0.10964
v -0.53003 1.96304 -0.16446
v -0.54432 1.97144 -0.16446
v -0.54646 1.97102 -0.10964
v -0.53003 1.96304 -0.16446
v -0.52703 1.96363 -0.21928
v -0.54132 1.97203 -0.21928
v -0.54432 1.97144 -0.16446
v -0.52703 1.96363 -0.21928
v -0.52318 1.96439 -0.27411
v -0.53746 1.97279 -0.27411
v -0.54132 1.97203 -0.21928
v -0.52318 1.96439 -0.27411
v -0.51847 1.96532 -0.32893
v -0.53275 1.97372 -0.32893
v -0.53746 1.97279 -0.27411
v -0.51847 1.96532 -0.32893
v -0.51290 1.96642 -0.38375
v -0.52718 1.97481 -0.38375
v -0.53275 1.97372 -0.32893
v -0.51290 1.96642 -0.38375
v -0.50647 1.96768 -0.43857
v -0.52076 1.97608 -0.43857
v -0.52718 1.97481 -0.38375
v -0.50647 1.96768 -0.43857
v -0.49919 1.96912 -0.49339
v -0.51348 1.97752 -0.49339
v -0.52076 1.97608 -0.43857
v -0.47954 1.83132 -0.43857
v -0.48597 1.83005 -0.38375
v -0.49599 1.81685 -0.38375
v -0.48956 1.81812 -0.43857
v -0.48597 1.83005 -0.38375
v -0.49154 1.82895 -0.32893
v -0.50156 1.81575 -0.32893
v -0.49599 1.81685 -0.38375
v -0.49154 1.82895 -0.32893
v -0.49625 1.82802 -0.27411
v -0.50627 1.81483 -0.27411
v -0.50156 1.81575 -0.32893
v -0.49625 1.82802 -0.27411
v -0.50010 1.82727 -0.21928
v -0.51012 1.81407 -0.21928
v -0.50627 1.81483 -0.27411
v -0.50010 1.82727 -0.21928
v -0.50310 1.82667 -0.16446
v -0.51312 1.81348 -0.16446
v -0.51012 1.81407 -0.21928
v -0.50310 1.82667 -0.16446
v -0.50524 1.82625 -0.10964
v -0.51526 1.81305 -0.10964
v -0.51312 1.81348 -0.16446
v -0.50524 1.82625 -0.10964
v -0.50653 1.82600 -0.05482
v -0.51655 1.81280 -0.05482
v -0.51526 1.81305 -0.10964
v -0.50653 1.82600 -0.05482
v -0.50696 1.82591 0.00000
v -0.51698 1.81272 0.00000
v -0.51655 1.81280 -0.05482
v -0.44368 1.32789 -0.49101
v -0.36281 1.32789 -0.49101
v -0.62825 2.67103 -0.49100
v -0.70571 2.65572 -0.49100
v -0.44368 1.32789 -0.59506
v -0.70571 2.65572 -0.59506
v -0.62825 2.67103 -0.59506
v -0.36281 1.32789 -0.59506
v -0.35281 1.32789 -0.50101
v -0.35281 1.32789 -0.58506
v -0.61844 2.67297 -0.58506
v -0.61844 2.67297 -0.50100
v -0.63019 2.68084 -0.50100
v -0.63019 2.68084 -0.58506
v -0.70765 2.66553 -0.58506
v -0.70765 2.66553 -0.50100
v -0.71552 2.65378 -0.50100
v -0.71552 2.65378 -0.58506
v -0.45368 1.32789 -0.58506
v -0.45368 1.32789 -0.50101
v -0.44368 1.32789 -0.49101
v -0.45333 1.26471 -0.49101
v -0.37246 1.26471 -0.49101
v -0.36281 1.32789 -0.49101
v -0.35281 1.32789 -0.50101
v -0.36246 1.26471 -0.50101
v -0.36246 1.26471 -0.58506
v -0.35281 1.32789 -0.58506
v -0.36281 1.32789 -0.59506
v -0.37246 1.26471 -0.59506
v -0.45333 1.26471 -0.59506
v -0.44368 1.32789 -0.59506
v -0.45368 1.32789 -0.58506
v -0.46333 1.26471 -0.58506
v -0.46333 1.26471 -0.50101
v -0.45368 1.32789 -0.50101
v -0.71552 2.65378 -0.50100
v -0.70571 2.65572 -0.49100
v -0.70765 2.66553 -0.50100
v -0.62825 2.67103 -0.49100
v -0.61844 2.67297 -0.50100
v -0.63019 2.68084 -0.50100
v -0.71552 2.65378 -0.58506
v -0.70765 2.66553 -0.58506
v -0.70571 2.65572 -0.59506
v -0.63019 2.68084 -0.58506
v -0.61844 2.67297 -0.58506
v -0.62825 2.67103 -0.59506
v -0.44368 1.32789 -0.49101
v -0.70571 2.65572 -0.49100
v -0.71552 2.65378 -0.50100
v -0.45368 1.32789 -0.50101
v -0.70571 2.65572 -0.49100
v -0.62825 2.67103 -0.49100
v -0.63019 2.68084 -0.50100
v -0.70765 2.66553 -0.50100
v -0.62825 2.67103 -0.49100
v -0.36281 1.32789 -0.49101
v -0.35281 1.32789 -0.50101
v -0.61844 2.67297 -0.50100
v -0.36281 1.32789 -0.59506
v -0.62825 2.67103 -0.59506
v -0.61844 2.67297 -0.58506
v -0.35281 1.32789 -0.58506
v -0.62825 2.67103 -0.59506
v -0.70571 2.65572 -0.59506
v -0.70765 2.66553 -0.58506
v -0.63019 2.68084 -0.58506
v -0.70571 2.65572 -0.59506
v -0.44368 1.32789 -0.59506
v -0.45368 1.32789 -0.58506
v -0.71552 2.65378 -0.58506
v -0.61844 2.67297 -0.50100
v -0.61844 2.67297 -0.58506
v -0.63019 2.68084 -0.58506
v -0.63019 2.68084 -0.50100
v -0.70765 2.66553 -0.50100
v -0.70765 2.66553 -0.58506
v -0.71552 2.65378 -0.58506
v -0.71552 2.65378 -0.50100
v -0.45368 1.32789 -0.50101
v -0.46333 1.26471 -0.50101
v -0.45333 1.26471 -0.49101
v -0.44368 1.32789 -0.49101
v -0.36281 1.32789 -0.49101
v -0.37246 1.26471 -0.49101
v -0.36246 1.26471 -0.50101
v -0.35281 1.32789 -0.50101
v -0.35281 1.32789 -0.58506
v -0.36246 1.26471 -0.58506
v -0.37246 1.26471 -0.59506
v -0.36281 1.32789 -0.59506
v -0.44368 1.32789 -0.59506
v -0.45333 1.26471 -0.59506
v -0.46333 1.26471 -0.58506
v -0.45368 1.32789 -0.58506
v -0.36106 1.22672 0.59415
v 0.69263 1.22672 0.59415
v 0.69263 1.24181 0.59415
v -0.36106 1.24181 0.59415
v -0.36106 1.20382 0.00000
v 0.69263 1.20382 0.00000
v 0.69263 1.20382 0.57125
v -0.36106 1.20382 0.57125
v -0.36106 1.20382 0.49101
v 0.71552 1.22672 0.00000
v 0.71552 1.24181 0.00000
v 0.71552 1.24181 0.57125
v 0.71552 1.22672 0.57125
v 0.69263 1.26471 0.00000
v -0.36106 1.26471 0.00000
v -0.36106 1.26471 0.49101
v -0.36106 1.26471 0.57125
v 0.69263 1.26471 0.57125
v -0.42372 1.24181 0.00000
v -0.42372 1.22672 0.00000
v -0.42372 1.22672 0.49101
v -0.42372 1.24181 0.49101
v -0.36106 1.20382 0.49101
v -0.36106 1.20382 0.57125
v -0.36106 1.20526 0.58127
v -0.36106 1.20955 0.58842
v -0.36106 1.21670 0.59272
v -0.36106 1.22672 0.59415
v -0.36106 1.24181 0.59415
v -0.36106 1.25183 0.59272
v -0.36106 1.25898 0.58842
v -0.36106 1.26328 0.58127
v -0.36106 1.26471 0.57125
v -0.36106 1.26471 0.49101
v -0.36106 1.20382 0.00000
v -0.36106 1.20382 0.49101
v -0.40082 1.20382 0.49101
v -0.40082 1.20382 0.00000
v -0.36106 1.20382 0.49101
v -0.36106 1.26471 0.49101
v -0.40082 1.26471 0.49101
v -0.41084 1.26328 0.49101
v -0.41799 1.25898 0.49101
v -0.42229 1.25183 0.49101
v -0.42372 1.24181 0.49101
v -0.42372 1.22672 0.49101
v -0.42229 1.21670 0.49101
v -0.41799 1.20955 0.49101
v -0.41084 1.20526 0.49101
v -0.40082 1.20382 0.49101
v -0.36106 1.26471 0.49101
v -0.36106 1.26471 0.00000
v -0.40082 1.26471 0.00000
v -0.40082 1.26471 0.49101
v 0.71552 1.22672 0.57125
v 0.71409 1.21733 0.57564
v 0.71409 1.21670 0.57125
v 0.69263 1.26471 0.57125
v 0.70202 1.26328 0.57564
v 0.70265 1.26328 0.57125
v -0.36106 1.22672 0.59415
v -0.36106 1.21670 0.59272
v 0.69263 1.21670 0.59272
v 0.69263 1.22672 0.59415
v 0.69263 1.22672 0.59415
v 0.70265 1.22672 0.59272
v 0.70265 1.24181 0.59272
v 0.69263 1.24181 0.59415
v 0.69263 1.24181 0.59415
v 0.69263 1.25183 0.59272
v -0.36106 1.25183 0.59272
v -0.36106 1.24181 0.59415
v 0.69263 1.20382 0.00000
v 0.70265 1.20526 0.00000
v 0.70265 1.20526 0.57125
v 0.69263 1.20382 0.57125
v 0.71552 1.24181 0.00000
v 0.71409 1.25183 0.00000
v 0.71409 1.25183 0.57125
v 0.71552 1.24181 0.57125
v 0.71552 1.22672 0.57125
v 0.71409 1.22672 0.58127
v 0.71409 1.22234 0.58064
v 0.71409 1.22672 0.58127
v 0.70980 1.22672 0.58842
v 0.70980 1.21921 0.58735
v 0.71409 1.22234 0.58064
v 0.70980 1.22672 0.58842
v 0.70265 1.22672 0.59272
v 0.70265 1.21733 0.59137
v 0.70980 1.21921 0.58735
v 0.70265 1.22672 0.59272
v 0.69263 1.22672 0.59415
v 0.69263 1.21670 0.59272
v 0.70265 1.21733 0.59137
v 0.71552 1.22672 0.57125
v 0.71409 1.22234 0.58064
v 0.71409 1.21921 0.57876
v 0.71409 1.22234 0.58064
v 0.70980 1.21921 0.58735
v 0.70980 1.21384 0.58413
v 0.71409 1.21921 0.57876
v 0.70980 1.21921 0.58735
v 0.70265 1.21733 0.59137
v 0.70265 1.21062 0.58735
v 0.70980 1.21384 0.58413
v 0.70265 1.21733 0.59137
v 0.69263 1.21670 0.59272
v 0.69263 1.20955 0.58842
v 0.70265 1.21062 0.58735
v 0.71552 1.22672 0.57125
v 0.71409 1.21921 0.57876
v 0.71409 1.21733 0.57564
v 0.71409 1.21921 0.57876
v 0.70980 1.21384 0.58413
v 0.70980 1.21062 0.57876
v 0.71409 1.21733 0.57564
v 0.70980 1.21384 0.58413
v 0.70265 1.21062 0.58735
v 0.70265 1.20660 0.58064
v 0.70980 1.21062 0.57876
v 0.70265 1.21062 0.58735
v 0.69263 1.20955 0.58842
v 0.69263 1.20526 0.58127
v 0.70265 1.20660 0.58064
v 0.71409 1.21733 0.57564
v 0.70980 1.21062 0.57876
v 0.70980 1.20955 0.57125
v 0.71409 1.21670 0.57125
v 0.70980 1.21062 0.57876
v 0.70265 1.20660 0.58064
v 0.70265 1.20526 0.57125
v 0.70980 1.20955 0.57125
v 0.70265 1.20660 0.58064
v 0.69263 1.20526 0.58127
v 0.69263 1.20382 0.57125
v 0.70265 1.20526 0.57125
v 0.69263 1.26471 0.57125
v 0.69263 1.26328 0.58127
v 0.69701 1.26328 0.58064
v 0.69263 1.26328 0.58127
v 0.69263 1.25898 0.58842
v 0.70014 1.25898 0.58735
v 0.69701 1.26328 0.58064
v 0.69263 1.25898 0.58842
v 0.69263 1.25183 0.59272
v 0.70202 1.25183 0.59137
v 0.70014 1.25898 0.58735
v 0.69263 1.25183 0.59272
v 0.69263 1.24181 0.59415
v 0.70265 1.24181 0.59272
v 0.70202 1.25183 0.59137
v 0.69263 1.26471 0.57125
v 0.69701 1.26328 0.58064
v 0.70014 1.26328 0.57877
v 0.69701 1.26328 0.58064
v 0.70014 1.25898 0.58735
v 0.70551 1.25898 0.58413
v 0.70014 1.26328 0.57877
v 0.70014 1.25898 0.58735
v 0.70202 1.25183 0.59137
v 0.70873 1.25183 0.58735
v 0.70551 1.25898 0.58413
v 0.70202 1.25183 0.59137
v 0.70265 1.24181 0.59272
v 0.70980 1.24181 0.58842
v 0.70873 1.25183 0.58735
v 0.69263 1.26471 0.57125
v 0.70014 1.26328 0.57877
v 0.70202 1.26328 0.57564
v 0.70014 1.26328 0.57877
v 0.70551 1.25898 0.58413
v 0.70873 1.25898 0.57877
v 0.70202 1.26328 0.57564
v 0.70551 1.25898 0.58413
v 0.70873 1.25183 0.58735
v 0.71275 1.25183 0.58064
v 0.70873 1.25898 0.57877
v 0.70873 1.25183 0.58735
v 0.70980 1.24181 0.58842
v 0.71409 1.24181 0.58127
v 0.71275 1.25183 0.58064
v 0.70202 1.26328 0.57564
v 0.70873 1.25898 0.57877
v 0.70980 1.25898 0.57125
v 0.70265 1.26328 0.57125
v 0.70873 1.25898 0.57877
v 0.71275 1.25183 0.58064
v 0.71409 1.25183 0.57125
v 0.70980 1.25898 0.57125
v 0.71275 1.25183 0.58064
v 0.71409 1.24181 0.58127
v 0.71552 1.24181 0.57125
v 0.71409 1.25183 0.57125
v -0.36106 1.21670 0.59272
v -0.36106 1.20955 0.58842
v 0.69263 1.20955 0.58842
v 0.69263 1.21670 0.59272
v -0.36106 1.20955 0.58842
v -0.36106 1.20526 0.58127
v 0.69263 1.20526 0.58127
v 0.69263 1.20955 0.58842
v -0.36106 1.20526 0.58127
v -0.36106 1.20382 0.57125
v 0.69263 1.20382 0.57125
v 0.69263 1.20526 0.58127
v 0.70265 1.22672 0.59272
v 0.70980 1.22672 0.58842
v 0.70980 1.24181 0.58842
v 0.70265 1.24181 0.59272
v 0.70980 1.22672 0.58842
v 0.71409 1.22672 0.58127
v 0.71409 1.24181 0.58127
v 0.70980 1.24181 0.58842
v 0.71409 1.22672 0.58127
v 0.71552 1.22672 0.57125
v 0.71552 1.24181 0.57125
v 0.71409 1.24181 0.58127
v 0.69263 1.25183 0.59272
v 0.69263 1.25898 0.58842
v -0.36106 1.25898 0.58842
v -0.36106 1.25183 0.59272
v 0.69263 1.25898 0.58842
v 0.69263 1.26328 0.58127
v -0.36106 1.26328 0.58127
v -0.36106 1.25898 0.58842
v 0.69263 1.26328 0.58127
v 0.69263 1.26471 0.57125
v -0.36106 1.26471 0.57125
v -0.36106 1.26328 0.58127
v 0.70265 1.20526 0.00000
v 0.70980 1.20955 0.00000
v 0.70980 1.20955 0.57125
v 0.70265 1.20526 0.57125
v 0.70980 1.20955 0.00000
v 0.71409 1.21670 0.00000
v 0.71409 1.21670 0.57125
v 0.70980 1.20955 0.57125
v 0.71409 1.21670 0.00000
v 0.71552 1.22672 0.00000
v 0.71552 1.22672 0.57125
v 0.71409 1.21670 0.57125
v 0.71409 1.25183 0.00000
v 0.70980 1.25898 0.00000
v 0.70980 1.25898 0.57125
v 0.71409 1.25183 0.57125
v 0.70980 1.25898 0.00000
v 0.70265 1.26328 0.00000
v 0.70265 1.26328 0.57125
v 0.70980 1.25898 0.57125
v 0.70265 1.26328 0.00000
v 0.69263 1.26471 0.00000
v 0.69263 1.26471 0.57125
v 0.70265 1.26328 0.57125
v -0.42372 1.22672 0.00000
v -0.42229 1.21670 0.00000
v -0.42229 1.21670 0.49101
v -0.42372 1.22672 0.49101
v -0.42372 1.24181 0.49101
v -0.42229 1.25183 0.49101
v -0.42229 1.25183 0.00000
v -0.42372 1.24181 0.00000
v -0.42229 1.21670 0.00000
v -0.41799 1.20955 0.00000
v -0.41799 1.20955 0.49101
v -0.42229 1.21670 0.49101
v -0.41799 1.20955 0.00000
v -0.41084 1.20526 0.00000
v -0.41084 1.20526 0.49101
v -0.41799 1.20955 0.49101
v -0.41084 1.20526 0.00000
v -0.40082 1.20382 0.00000
v -0.40082 1.20382 0.49101
v -0.41084 1.20526 0.49101
v -0.42229 1.25183 0.49101
v -0.41799 1.25898 0.49101
v -0.41799 1.25898 0.00000
v -0.42229 1.25183 0.00000
v -0.41799 1.25898 0.49101
v -0.41084 1.26328 0.49101
v -0.41084 1.26328 0.00000
v -0.41799 1.25898 0.00000
v -0.41084 1.26328 0.49101
v -0.40082 1.26471 0.49101
v -0.40082 1.26471 0.00000
v -0.41084 1.26328 0.00000
v -0.36106 1.22672 -0.59415
v -0.36106 1.24181 -0.59415
v 0.69263 1.24181 -0.59415
v 0.69263 1.22672 -0.59415
v -0.36106 1.20382 0.00000
v -0.36106 1.20382 -0.49101
v -0.36106 1.20382 -0.57125
v 0.69263 1.20382 -0.57125
v 0.69263 1.20382 0.00000
v 0.71552 1.22672 0.00000
v 0.71552 1.22672 -0.57125
v 0.71552 1.24181 -0.57125
v 0.71552 1.24181 0.00000
v 0.69263 1.26471 0.00000
v 0.69263 1.26471 -0.57125
v -0.36106 1.26471 -0.57125
v -0.36106 1.26471 -0.49101
v -0.36106 1.26471 0.00000
v -0.42372 1.24181 0.00000
v -0.42372 1.24181 -0.49101
v -0.42372 1.22672 -0.49101
v -0.42372 1.22672 0.00000
v -0.36106 1.20382 -0.49101
v -0.36106 1.26471 -0.49101
v -0.36106 1.26471 -0.57125
v -0.36106 1.26328 -0.58127
v -0.36106 1.25898 -0.58842
v -0.36106 1.25183 -0.59272
v -0.36106 1.24181 -0.59415
v -0.36106 1.22672 -0.59415
v -0.36106 1.21670 -0.59272
v -0.36106 1.20955 -0.58842
v -0.36106 1.20526 -0.58127
v -0.36106 1.20382 -0.57125
v -0.36106 1.20382 0.00000
v -0.40082 1.20382 0.00000
v -0.40082 1.20382 -0.49101
v -0.36106 1.20382 -0.49101
v -0.36106 1.20382 -0.49101
v -0.40082 1.20382 -0.49101
v -0.41084 1.20526 -0.49101
v -0.41799 1.20955 -0.49101
v -0.42229 1.21670 -0.49101
v -0.42372 1.22672 -0.49101
v -0.42372 1.24181 -0.49101
v -0.42229 1.25183 -0.49101
v -0.41799 1.25898 -0.49101
v -0.41084 1.26328 -0.49101
v -0.40082 1.26471 -0.49101
v -0.36106 1.26471 -0.49101
v -0.36106 1.26471 -0.49101
v -0.40082 1.26471 -0.49101
v -0.40082 1.26471 0.00000
v -0.36106 1.26471 0.00000
v 0.71552 1.22672 -0.57125
v 0.71409 1.21670 -0.57125
v 0.71409 1.21733 -0.57564
v 0.69263 1.26471 -0.57125
v 0.70265 1.26328 -0.57125
v 0.70202 1.26328 -0.57564
v -0.36106 1.22672 -0.59415
v 0.69263 1.22672 -0.59415
v 0.69263 1.21670 -0.59272
v -0.36106 1.21670 -0.59272
v 0.69263 1.22672 -0.59415
v 0.69263 1.24181 -0.59415
v 0.70265 1.24181 -0.59272
v 0.70265 1.22672 -0.59272
v 0.69263 1.24181 -0.59415
v -0.36106 1.24181 -0.59415
v -0.36106 1.25183 -0.59272
v 0.69263 1.25183 -0.59272
v 0.69263 1.20382 0.00000
v 0.69263 1.20382 -0.57125
v 0.70265 1.20526 -0.57125
v 0.70265 1.20526 0.00000
v 0.71552 1.24181 0.00000
v 0.71552 1.24181 -0.57125
v 0.71409 1.25183 -0.57125
v 0.71409 1.25183 0.00000
v 0.71552 1.22672 -0.57125
v 0.71409 1.22234 -0.58064
v 0.71409 1.22672 -0.58127
v 0.71409 1.22672 -0.58127
v 0.71409 1.22234 -0.58064
v 0.70980 1.21921 -0.58735
v 0.70980 1.22672 -0.58842
v 0.70980 1.22672 -0.58842
v 0.70980 1.21921 -0.58735
v 0.70265 1.21733 -0.59137
v 0.70265 1.22672 -0.59272
v 0.70265 1.22672 -0.59272
v 0.70265 1.21733 -0.59137
v 0.69263 1.21670 -0.59272
v 0.69263 1.22672 -0.59415
v 0.71552 1.22672 -0.57125
v 0.71409 1.21921 -0.57877
v 0.71409 1.22234 -0.58064
v 0.71409 1.22234 -0.58064
v 0.71409 1.21921 -0.57877
v 0.70980 1.21384 -0.58413
v 0.70980 1.21921 -0.58735
v 0.70980 1.21921 -0.58735
v 0.70980 1.21384 -0.58413
v 0.70265 1.21062 -0.58735
v 0.70265 1.21733 -0.59137
v 0.70265 1.21733 -0.59137
v 0.70265 1.21062 -0.58735
v 0.69263 1.20955 -0.58842
v 0.69263 1.21670 -0.59272
v 0.71552 1.22672 -0.57125
v 0.71409 1.21733 -0.57564
v 0.71409 1.21921 -0.57877
v 0.71409 1.21921 -0.57877
v 0.71409 1.21733 -0.57564
v 0.70980 1.21062 -0.57877
v 0.70980 1.21384 -0.58413
v 0.70980 1.21384 -0.58413
v 0.70980 1.21062 -0.57877
v 0.70265 1.20660 -0.58064
v 0.70265 1.21062 -0.58735
v 0.70265 1.21062 -0.58735
v 0.70265 1.20660 -0.58064
v 0.69263 1.20526 -0.58127
v 0.69263 1.20955 -0.58842
v 0.71409 1.21733 -0.57564
v 0.71409 1.21670 -0.57125
v 0.70980 1.20955 -0.57125
v 0.70980 1.21062 -0.57877
v 0.70980 1.21062 -0.57877
v 0.70980 1.20955 -0.57125
v 0.70265 1.20526 -0.57125
v 0.70265 1.20660 -0.58064
v 0.70265 1.20660 -0.58064
v 0.70265 1.20526 -0.57125
v 0.69263 1.20382 -0.57125
v 0.69263 1.20526 -0.58127
v 0.69263 1.26471 -0.57125
v 0.69701 1.26328 -0.58064
v 0.69263 1.26328 -0.58127
v 0.69263 1.26328 -0.58127
v 0.69701 1.26328 -0.58064
v 0.70014 1.25898 -0.58735
v 0.69263 1.25898 -0.58842
v 0.69263 1.25898 -0.58842
v 0.70014 1.25898 -0.58735
v 0.70202 1.25183 -0.59137
v 0.69263 1.25183 -0.59272
v 0.69263 1.25183 -0.59272
v 0.70202 1.25183 -0.59137
v 0.70265 1.24181 -0.59272
v 0.69263 1.24181 -0.59415
v 0.69263 1.26471 -0.57125
v 0.70014 1.26328 -0.57877
v 0.69701 1.26328 -0.58064
v 0.69701 1.26328 -0.58064
v 0.70014 1.26328 -0.57877
v 0.70551 1.25898 -0.58413
v 0.70014 1.25898 -0.58735
v 0.70014 1.25898 -0.58735
v 0.70551 1.25898 -0.58413
v 0.70873 1.25183 -0.58735
v 0.70202 1.25183 -0.59137
v 0.70202 1.25183 -0.59137
v 0.70873 1.25183 -0.58735
v 0.70980 1.24181 -0.58842
v 0.70265 1.24181 -0.59272
v 0.69263 1.26471 -0.57125
v 0.70202 1.26328 -0.57564
v 0.70014 1.26328 -0.57877
v 0.70014 1.26328 -0.57877
v 0.70202 1.26328 -0.57564
v 0.70873 1.25898 -0.57877
v 0.70551 1.25898 -0.58413
v 0.70551 1.25898 -0.58413
v 0.70873 1.25898 -0.57877
v 0.71275 1.25183 -0.58064
v 0.70873 1.25183 -0.58735
v 0.70873 1.25183 -0.58735
v 0.71275 1.25183 -0.58064
v 0.71409 1.24181 -0.58127
v 0.70980 1.24181 -0.58842
v 0.70202 1.26328 -0.57564
v 0.70265 1.26328 -0.57125
v 0.70980 1.25898 -0.57125
v 0.70873 1.25898 -0.57877
v 0.70873 1.25898 -0.57877
v 0.70980 1.25898 -0.57125
v 0.71409 1.25183 -0.57125
v 0.71275 1.25183 -0.58064
v 0.71275 1.25183 -0.58064
v 0.71409 1.25183 -0.57125
v 0.71552 1.24181 -0.57125
v 0.71409 1.24181 -0.58127
v -0.36106 1.21670 -0.59272
v 0.69263 1.21670 -0.59272
v 0.69263 1.20955 -0.58842
v -0.36106 1.20955 -0.58842
v -0.36106 1.20955 -0.58842
v 0.69263 1.20955 -0.58842
v 0.69263 1.20526 -0.58127
v -0.36106 1.20526 -0.58127
v -0.36106 1.20526 -0.58127
v 0.69263 1.20526 -0.58127
v 0.69263 1.20382 -0.57125
v -0.36106 1.20382 -0.57125
v 0.70265 1.22672 -0.59272
v 0.70265 1.24181 -0.59272
v 0.70980 1.24181 -0.58842
v 0.70980 1.22672 -0.58842
v 0.70980 1.22672 -0.58842
v 0.70980 1.24181 -0.58842
v 0.71409 1.24181 -0.58127
v 0.71409 1.22672 -0.58127
v 0.71409 1.22672 -0.58127
v 0.71409 1.24181 -0.58127
v 0.71552 1.24181 -0.57125
v 0.71552 1.22672 -0.57125
v 0.69263 1.25183 -0.59272
v -0.36106 1.25183 -0.59272
v -0.36106 1.25898 -0.58842
v 0.69263 1.25898 -0.58842
v 0.69263 1.25898 -0.58842
v -0.36106 1.25898 -0.58842
v -0.36106 1.26328 -0.58127
v 0.69263 1.26328 -0.58127
v 0.69263 1.26328 -0.58127
v -0.36106 1.26328 -0.58127
v -0.36106 1.26471 -0.57125
v 0.69263 1.26471 -0.57125
v 0.70265 1.20526 0.00000
v 0.70265 1.20526 -0.57125
v 0.70980 1.20955 -0.57125
v 0.70980 1.20955 0.00000
v 0.70980 1.20955 0.00000
v 0.70980 1.20955 -0.57125
v 0.71409 1.21670 -0.57125
v 0.71409 1.21670 0.00000
v 0.71409 1.21670 0.00000
v 0.71409 1.21670 -0.57125
v 0.71552 1.22672 -0.57125
v 0.71552 1.22672 0.00000
v 0.71409 1.25183 0.00000
v 0.71409 1.25183 -0.57125
v 0.70980 1.25898 -0.57125
v 0.70980 1.25898 0.00000
v 0.70980 1.25898 0.00000
v 0.70980 1.25898 -0.57125
v 0.70265 1.26328 -0.57125
v 0.70265 1.26328 0.00000
v 0.70265 1.26328 0.00000
v 0.70265 1.26328 -0.57125
v 0.69263 1.26471 -0.57125
v 0.69263 1.26471 0.00000
v -0.42372 1.22672 0.00000
v -0.42372 1.22672 -0.49101
v -0.42229 1.21670 -0.49101
v -0.42229 1.21670 0.00000
v -0.42372 1.24181 -0.49101
v -0.42372 1.24181 0.00000
v -0.42229 1.25183 0.00000
v -0.42229 1.25183 -0.49101
v -0.42229 1.21670 0.00000
v -0.42229 1.21670 -0.49101
v -0.41799 1.20955 -0.49101
v -0.41799 1.20955 0.00000
v -0.41799 1.20955 0.00000
v -0.41799 1.20955 -0.49101
v -0.41084 1.20526 -0.49101
v -0.41084 1.20526 0.00000
v -0.41084 1.20526 0.00000
v -0.41084 1.20526 -0.49101
v -0.40082 1.20382 -0.49101
v -0.40082 1.20382 0.00000
v -0.42229 1.25183 -0.49101
v -0.42229 1.25183 0.00000
v -0.41799 1.25898 0.00000
v -0.41799 1.25898 -0.49101
v -0.41799 1.25898 -0.49101
v -0.41799 1.25898 0.00000
v -0.41084 1.26328 0.00000
v -0.41084 1.26328 -0.49101
v -0.41084 1.26328 -0.49101
v -0.41084 1.26328 0.00000
v -0.40082 1.26471 0.00000
v -0.40082 1.26471 -0.49101
vt -0.328208 0.250503
vt -0.323208 0.245503
vt -0.282773 0.245503
vt -0.277773 0.250503
vt -0.277773 0.292531
vt -0.282773 0.297531
vt -0.323208 0.297531
vt -0.328208 0.292531
vt 0.632354 -0.186229
vt 0.000000 -0.282773
vt 0.000000 -0.323208
vt 0.632354 -0.226664
vt 0.632354 0.292531
vt 0.000000 0.292531
vt 0.000000 0.250503
vt 0.632354 0.250503
vt 0.632354 -0.226664
vt 0.000000 -0.323208
vt 0.000000 -0.282773
vt 0.632354 -0.186229
vt 0.632354 0.250503
vt 0.000000 0.250503
vt 0.000000 0.292531
vt 0.632354 0.292531
vt 0.632354 -0.226664
vt 0.000000 -0.323208
vt 0.000000 -0.328208
vt 0.632354 -0.231664
vt 0.632354 0.250503
vt 0.000000 0.250503
vt 0.000000 0.245503
vt 0.632354 0.245503
vt 0.632354 0.297531
vt 0.000000 0.297531
vt 0.000000 0.292531
vt 0.632354 0.292531
vt 0.632354 -0.231664
vt 0.000000 -0.328208
vt 0.000000 -0.323208
vt 0.632354 -0.226664
vt 0.000000 0.292727
vt 0.601912 0.292727
vt 0.601912 0.333346
vt 0.000000 0.333346
vt 0.000000 0.292727
vt 0.000000 0.333346
vt 0.601912 0.333346
vt 0.601912 0.292727
vt 0.287621 0.244969
vt 0.292727 0.239864
vt 0.333346 0.239864
vt 0.338452 0.244969
vt 0.338452 0.284757
vt 0.333346 0.289863
vt 0.292727 0.289863
vt 0.287621 0.284757
vt 0.000000 0.244969
vt 0.601912 0.244969
vt 0.601912 0.284757
vt 0.000000 0.284757
vt 0.338452 0.244969
vt 0.333346 0.239864
vt 0.292727 0.239864
vt 0.287621 0.244969
vt 0.287621 0.284757
vt 0.292727 0.289863
vt 0.333346 0.289863
vt 0.338452 0.284757
vt 0.601912 0.244969
vt 0.000000 0.244969
vt 0.000000 0.284757
vt 0.601912 0.284757
vt 0.000000 0.292727
vt 0.000000 0.287621
vt 0.601912 0.287621
vt 0.601912 0.292727
vt 0.601912 0.333346
vt 0.601912 0.338452
vt 0.000000 0.338452
vt 0.000000 0.333346
vt 0.000000 0.289863
vt 0.000000 0.284757
vt 0.601912 0.284757
vt 0.601912 0.289863
vt 0.601912 0.289863
vt 0.601912 0.284757
vt 0.000000 0.284757
vt 0.000000 0.289863
vt 0.245503 0.531341
vt 0.245503 0.596912
vt -0.245503 0.596912
vt -0.245503 0.531341
vt 0.526341 0.319289
vt 0.531341 0.324289
vt 0.596912 0.324289
vt 0.601912 0.319289
vt 0.601912 0.297727
vt 0.596912 0.292727
vt 0.531341 0.292727
vt 0.526341 0.297727
vt -0.245503 0.531341
vt -0.245503 0.526341
vt 0.245503 0.526341
vt 0.245503 0.531341
vt -0.245503 0.531341
vt -0.245503 0.596912
vt 0.245503 0.596912
vt 0.245503 0.531341
vt 0.245503 0.531341
vt 0.245503 0.596912
vt -0.245503 0.596912
vt -0.245503 0.531341
vt 0.245503 -0.200486
vt 0.245503 -0.205486
vt -0.245503 -0.205486
vt -0.245503 -0.200486
vt 0.287621 0.274982
vt 0.287621 0.265100
vt -0.252761 0.265099
vt -0.252761 0.274982
vt 0.287621 0.274982
vt -0.257664 0.274982
vt -0.257664 0.265099
vt 0.287621 0.265100
vt 0.287621 0.158794
vt -0.253493 0.158848
vt -0.256931 0.135632
vt 0.287621 0.135686
vt 0.158848 0.279982
vt 0.163794 0.274982
vt 0.163794 0.265099
vt 0.158848 0.260099
vt 0.135632 0.260099
vt 0.130686 0.265099
vt 0.130686 0.274982
vt 0.135632 0.279982
vt -0.253493 0.158848
vt 0.287621 0.158794
vt 0.287621 0.135686
vt -0.256931 0.135632
vt 0.158794 0.260100
vt 0.163794 0.265100
vt 0.163794 0.274982
vt 0.158794 0.279982
vt 0.135686 0.279982
vt 0.130686 0.274982
vt 0.130686 0.265100
vt 0.135686 0.260100
vt 0.287621 0.265100
vt 0.287621 0.260100
vt -0.253493 0.260099
vt -0.252761 0.265099
vt -0.252761 0.274982
vt -0.253493 0.279982
vt 0.287621 0.279982
vt 0.287621 0.274982
vt 0.287621 0.274982
vt 0.287621 0.279982
vt -0.256931 0.279982
vt -0.257664 0.274982
vt -0.257664 0.265099
vt -0.256931 0.260099
vt 0.287621 0.260100
vt 0.287621 0.265100
vt -0.197617 0.531283
vt -0.187509 0.596970
vt 0.287621 0.596912
vt 0.287621 0.531341
vt -0.197617 0.531283
vt 0.287621 0.531341
vt 0.287621 0.596912
vt -0.187509 0.596970
vt -0.198377 0.255609
vt 0.287621 0.255609
vt 0.287621 0.276574
vt -0.198377 0.276574
vt 0.526341 0.255609
vt 0.531341 0.250609
vt 0.596912 0.250609
vt 0.601912 0.255609
vt 0.601912 0.276574
vt 0.596912 0.281574
vt 0.531341 0.281574
vt 0.526341 0.276574
vt 0.287621 0.255609
vt -0.186748 0.255609
vt -0.186748 0.276574
vt 0.287621 0.276574
vt 0.601912 0.255609
vt 0.596970 0.250609
vt 0.531283 0.250609
vt 0.526341 0.255609
vt 0.526341 0.276574
vt 0.531283 0.281574
vt 0.596970 0.281574
vt 0.601912 0.276574
vt -0.187509 0.250609
vt -0.186748 0.255609
vt 0.287621 0.255609
vt 0.287621 0.250609
vt 0.287621 0.250609
vt 0.287621 0.255609
vt -0.198377 0.255609
vt -0.197617 0.250609
vt -0.197617 0.281574
vt -0.198377 0.276574
vt 0.287621 0.276574
vt 0.287621 0.281574
vt 0.287621 0.281574
vt 0.287621 0.276574
vt -0.186748 0.276574
vt -0.187509 0.281574
vt -0.328208 -0.250503
vt -0.328208 -0.292530
vt -0.323208 -0.297530
vt -0.282773 -0.297530
vt -0.277773 -0.292530
vt -0.277773 -0.250503
vt -0.282773 -0.245503
vt -0.323208 -0.245503
vt 0.632354 -0.226664
vt 0.000000 -0.323208
vt 0.000000 -0.282773
vt 0.632354 -0.186229
vt 0.632354 -0.250503
vt 0.000000 -0.250503
vt 0.000000 -0.292530
vt 0.632354 -0.292530
vt 0.632354 -0.186229
vt 0.000000 -0.282773
vt 0.000000 -0.323208
vt 0.632354 -0.226664
vt 0.632354 -0.292530
vt 0.000000 -0.292530
vt 0.000000 -0.250503
vt 0.632354 -0.250503
vt 0.632354 -0.231664
vt 0.000000 -0.328208
vt 0.000000 -0.323208
vt 0.632354 -0.226664
vt 0.632354 -0.245503
vt 0.000000 -0.245503
vt 0.000000 -0.250503
vt 0.632354 -0.250503
vt 0.632354 -0.292530
vt 0.000000 -0.292530
vt 0.000000 -0.297530
vt 0.632354 -0.297530
vt 0.632354 -0.226664
vt 0.000000 -0.323208
vt 0.000000 -0.328208
vt 0.632354 -0.231664
vt 0.000000 0.292727
vt 0.000000 0.333346
vt 0.601912 0.333346
vt 0.601912 0.292727
vt 0.000000 0.292727
vt 0.601912 0.292727
vt 0.601912 0.333346
vt 0.000000 0.333346
vt 0.287621 -0.244958
vt 0.287621 -0.284747
vt 0.292727 -0.289853
vt 0.333346 -0.289853
vt 0.338452 -0.284747
vt 0.338452 -0.244958
vt 0.333346 -0.239852
vt 0.292727 -0.239852
vt 0.000000 -0.244958
vt 0.000000 -0.284747
vt 0.601912 -0.284747
vt 0.601912 -0.244958
vt 0.338452 -0.244958
vt 0.338452 -0.284747
vt 0.333346 -0.289853
vt 0.292727 -0.289853
vt 0.287621 -0.284747
vt 0.287621 -0.244958
vt 0.292727 -0.239852
vt 0.333346 -0.239852
vt 0.601912 -0.244958
vt 0.601912 -0.284747
vt 0.000000 -0.284747
vt 0.000000 -0.244958
vt 0.000000 0.292727
vt 0.601912 0.292727
vt 0.601912 0.287621
vt 0.000000 0.287621
vt 0.601912 0.333346
vt 0.000000 0.333346
vt 0.000000 0.338452
vt 0.601912 0.338452
vt 0.000000 -0.289853
vt 0.601912 -0.289853
vt 0.601912 -0.284747
vt 0.000000 -0.284747
vt 0.601912 -0.289853
vt 0.000000 -0.289853
vt 0.000000 -0.284747
vt 0.601912 -0.284747
vt -0.245503 0.531341
vt -0.245503 0.596912
vt 0.245503 0.596912
vt 0.245503 0.531341
vt 0.526341 0.319289
vt 0.526341 0.297727
vt 0.531341 0.292727
vt 0.596912 0.292727
vt 0.601912 0.297727
vt 0.601912 0.319289
vt 0.596912 0.324289
vt 0.531341 0.324289
vt -0.245503 0.319289
vt -0.245503 0.297727
vt 0.245503 0.297727
vt 0.245503 0.319289
vt -0.245503 0.324289
vt 0.245503 0.324289
vt 0.245503 0.319289
vt -0.245503 0.319289
vt -0.245503 0.596912
vt 0.245503 0.596912
vt 0.245503 0.601912
vt -0.245503 0.601912
vt -0.245503 -0.195434
vt -0.245503 -0.216997
vt 0.245503 -0.216997
vt 0.245503 -0.195434
vt -0.245503 0.531341
vt -0.245503 0.526341
vt 0.245503 0.526341
vt 0.245503 0.531341
vt -0.245503 0.596912
vt 0.245503 0.596912
vt 0.245503 0.601912
vt -0.245503 0.601912
vt 0.287621 -0.274982
vt -0.252761 -0.274982
vt -0.252761 -0.265099
vt 0.287621 -0.265099
vt 0.287621 -0.274982
vt 0.287621 -0.265099
vt -0.257664 -0.265099
vt -0.257664 -0.274982
vt 0.287621 0.158794
vt 0.287621 0.135686
vt -0.256931 0.135632
vt -0.253493 0.158848
vt 0.158848 -0.279982
vt 0.135632 -0.279982
vt 0.130686 -0.274982
vt 0.130686 -0.265099
vt 0.135632 -0.260099
vt 0.158848 -0.260099
vt 0.163794 -0.265099
vt 0.163794 -0.274982
vt -0.253493 0.158848
vt -0.256931 0.135632
vt 0.287621 0.135686
vt 0.287621 0.158794
vt 0.158794 -0.260099
vt 0.135686 -0.260099
vt 0.130686 -0.265099
vt 0.130686 -0.274982
vt 0.135686 -0.279982
vt 0.158794 -0.279982
vt 0.163794 -0.274982
vt 0.163794 -0.265099
vt 0.287621 -0.265099
vt -0.252761 -0.265099
vt -0.253493 -0.260099
vt 0.287621 -0.260099
vt -0.252761 -0.274982
vt 0.287621 -0.274982
vt 0.287621 -0.279982
vt -0.253493 -0.279982
vt 0.287621 -0.274982
vt -0.257664 -0.274982
vt -0.256931 -0.279982
vt 0.287621 -0.279982
vt -0.257664 -0.265099
vt 0.287621 -0.265099
vt 0.287621 -0.260099
vt -0.256931 -0.260099
vt -0.197617 0.531283
vt 0.287621 0.531341
vt 0.287621 0.596912
vt -0.187509 0.596970
vt -0.197617 0.531283
vt -0.187509 0.596970
vt 0.287621 0.596912
vt 0.287621 0.531341
vt -0.198377 -0.255608
vt -0.198377 -0.276574
vt 0.287621 -0.276574
vt 0.287621 -0.255608
vt 0.526341 -0.255608
vt 0.526341 -0.276574
vt 0.531341 -0.281574
vt 0.596912 -0.281574
vt 0.601912 -0.276574
vt 0.601912 -0.255608
vt 0.596912 -0.250608
vt 0.531341 -0.250608
vt 0.287621 -0.255608
vt 0.287621 -0.276574
vt -0.186748 -0.276574
vt -0.186748 -0.255608
vt 0.601912 -0.255608
vt 0.601912 -0.276574
vt 0.596970 -0.281574
vt 0.531283 -0.281574
vt 0.526341 -0.276574
vt 0.526341 -0.255608
vt 0.531283 -0.250608
vt 0.596970 -0.250608
vt -0.187509 -0.250608
vt 0.287621 -0.250608
vt 0.287621 -0.255608
vt -0.186748 -0.255608
vt 0.287621 -0.250608
vt -0.197617 -0.250608
vt -0.198377 -0.255608
vt 0.287621 -0.255608
vt -0.197617 -0.281574
vt 0.287621 -0.281574
vt 0.287621 -0.276574
vt -0.198377 -0.276574
vt 0.287621 -0.281574
vt -0.187509 -0.281574
vt -0.186748 -0.276574
vt 0.287621 -0.276574
vt 0.245503 0.319289
vt 0.245503 0.297727
vt -0.245503 0.297727
vt -0.245503 0.319289
vt -0.245503 0.324289
vt -0.245503 0.319289
vt 0.245503 0.319289
vt 0.245503 0.324289
vt 0.245503 -0.205486
vt 0.245503 -0.227048
vt -0.245503 -0.227048
vt -0.245503 -0.205486
vt -0.245503 -0.190434
vt -0.245503 -0.195434
vt 0.245503 -0.195434
vt 0.245503 -0.190434
vt 0.109643 1.150448
vt 0.137053 1.150850
vt 0.137053 1.219033
vt 0.109643 1.218632
vt 0.109643 1.224416
vt 0.137053 1.224817
vt 0.137053 1.156634
vt 0.109643 1.156232
vt 0.109643 -0.304946
vt 0.137053 -0.302805
vt 0.137053 -0.319941
vt 0.109643 -0.322082
vt 1.153346 -0.313762
vt 1.149147 -0.306620
vt 1.152531 -0.289483
vt 1.159130 -0.284473
vt 1.227313 -0.297938
vt 1.231513 -0.305081
vt 1.228129 -0.322217
vt 1.221529 -0.327227
vt 0.137053 -0.318402
vt 0.109643 -0.320543
vt 0.109643 -0.337680
vt 0.137053 -0.335539
vt 0.219285 1.152589
vt 0.246696 1.153346
vt 0.246696 1.221529
vt 0.219285 1.220771
vt 0.191875 1.151919
vt 0.219285 1.152589
vt 0.219285 1.220771
vt 0.191875 1.220103
vt 0.164463 1.151340
vt 0.191875 1.151919
vt 0.191875 1.220103
vt 0.164463 1.219523
vt 0.137053 1.150850
vt 0.164463 1.151340
vt 0.164463 1.219523
vt 0.137053 1.219033
vt 0.027411 1.217963
vt 0.000000 1.217919
vt 0.000000 1.149735
vt 0.027411 1.149779
vt 0.054821 1.218097
vt 0.027411 1.217963
vt 0.027411 1.149779
vt 0.054821 1.149914
vt 0.082232 1.218319
vt 0.054821 1.218097
vt 0.054821 1.149914
vt 0.082232 1.150136
vt 0.109643 1.218632
vt 0.082232 1.218319
vt 0.082232 1.150136
vt 0.109643 1.150448
vt 0.219285 1.226556
vt 0.246696 1.227313
vt 0.246696 1.159130
vt 0.219285 1.158373
vt 0.191875 1.225887
vt 0.219285 1.226556
vt 0.219285 1.158373
vt 0.191875 1.157703
vt 0.164463 1.225307
vt 0.191875 1.225887
vt 0.191875 1.157703
vt 0.164463 1.157124
vt 0.137053 1.224817
vt 0.164463 1.225307
vt 0.164463 1.157124
vt 0.137053 1.156634
vt 0.027411 1.155563
vt 0.000000 1.155519
vt 0.000000 1.223703
vt 0.027411 1.223747
vt 0.054821 1.155698
vt 0.027411 1.155563
vt 0.027411 1.223747
vt 0.054821 1.223881
vt 0.082232 1.155921
vt 0.054821 1.155698
vt 0.054821 1.223881
vt 0.082232 1.224104
vt 0.109643 1.156232
vt 0.082232 1.155921
vt 0.082232 1.224104
vt 0.109643 1.224416
vt 0.219285 -0.293527
vt 0.246696 -0.289483
vt 0.246696 -0.306620
vt 0.219285 -0.310664
vt 0.191875 -0.297095
vt 0.219285 -0.293527
vt 0.219285 -0.310664
vt 0.191875 -0.314232
vt 0.164463 -0.300188
vt 0.191875 -0.297095
vt 0.191875 -0.314232
vt 0.164463 -0.317325
vt 0.137053 -0.302805
vt 0.164463 -0.300188
vt 0.164463 -0.317325
vt 0.137053 -0.319941
vt 0.027411 -0.325651
vt 0.000000 -0.325888
vt 0.000000 -0.308752
vt 0.027411 -0.308514
vt 0.054821 -0.324937
vt 0.027411 -0.325651
vt 0.027411 -0.308514
vt 0.054821 -0.307800
vt 0.082232 -0.323747
vt 0.054821 -0.324937
vt 0.054821 -0.307800
vt 0.082232 -0.306611
vt 0.109643 -0.322082
vt 0.082232 -0.323747
vt 0.082232 -0.306611
vt 0.109643 -0.304946
vt 0.027411 -0.324111
vt 0.000000 -0.324349
vt 0.000000 -0.341486
vt 0.027411 -0.341248
vt 0.054821 -0.323398
vt 0.027411 -0.324111
vt 0.027411 -0.341248
vt 0.054821 -0.340534
vt 0.082232 -0.322208
vt 0.054821 -0.323398
vt 0.054821 -0.340534
vt 0.082232 -0.339345
vt 0.109643 -0.320543
vt 0.082232 -0.322208
vt 0.082232 -0.339345
vt 0.109643 -0.337680
vt 0.219285 -0.326261
vt 0.246696 -0.322217
vt 0.246696 -0.305081
vt 0.219285 -0.309125
vt 0.191875 -0.329830
vt 0.219285 -0.326261
vt 0.219285 -0.309125
vt 0.191875 -0.312693
vt 0.164463 -0.332922
vt 0.191875 -0.329830
vt 0.191875 -0.312693
vt 0.164463 -0.315786
vt 0.137053 -0.335539
vt 0.164463 -0.332922
vt 0.164463 -0.315786
vt 0.137053 -0.318402
vt 0.000000 -0.333031
vt 0.000000 -0.325888
vt 0.027411 -0.325651
vt 0.027411 -0.332793
vt 0.246696 1.221529
vt 0.246696 1.228129
vt 0.219285 1.227371
vt 0.219285 1.220771
vt 0.000000 -0.317207
vt 0.000000 -0.324349
vt 0.027411 -0.324111
vt 0.027411 -0.316969
vt 0.246696 1.159130
vt 0.246696 1.152531
vt 0.219285 1.151773
vt 0.219285 1.158373
vt 0.027411 -0.332793
vt 0.027411 -0.325651
vt 0.054821 -0.324937
vt 0.054821 -0.332080
vt 0.054821 -0.332080
vt 0.054821 -0.324937
vt 0.082232 -0.323747
vt 0.082232 -0.330890
vt 0.082232 -0.330890
vt 0.082232 -0.323747
vt 0.109643 -0.322082
vt 0.109643 -0.329225
vt 0.109643 -0.329225
vt 0.109643 -0.322082
vt 0.137053 -0.319941
vt 0.137053 -0.327084
vt 0.137053 -0.327084
vt 0.137053 -0.319941
vt 0.164463 -0.317325
vt 0.164463 -0.324467
vt 0.164463 -0.324467
vt 0.164463 -0.317325
vt 0.191875 -0.314232
vt 0.191875 -0.321375
vt 0.191875 -0.321375
vt 0.191875 -0.314232
vt 0.219285 -0.310664
vt 0.219285 -0.317806
vt 0.219285 -0.317806
vt 0.219285 -0.310664
vt 0.246696 -0.306620
vt 0.246696 -0.313762
vt 0.219285 1.220771
vt 0.219285 1.227371
vt 0.191875 1.226703
vt 0.191875 1.220103
vt 0.191875 1.220103
vt 0.191875 1.226703
vt 0.164463 1.226123
vt 0.164463 1.219523
vt 0.164463 1.219523
vt 0.164463 1.226123
vt 0.137053 1.225633
vt 0.137053 1.219033
vt 0.137053 1.219033
vt 0.137053 1.225633
vt 0.109643 1.225231
vt 0.109643 1.218632
vt 0.109643 1.218632
vt 0.109643 1.225231
vt 0.082232 1.224919
vt 0.082232 1.218319
vt 0.082232 1.218319
vt 0.082232 1.224919
vt 0.054821 1.224696
vt 0.054821 1.218097
vt 0.054821 1.218097
vt 0.054821 1.224696
vt 0.027411 1.224562
vt 0.027411 1.217963
vt 0.027411 1.217963
vt 0.027411 1.224562
vt 0.000000 1.224518
vt 0.000000 1.217919
vt 0.027411 -0.316969
vt 0.027411 -0.324111
vt 0.054821 -0.323398
vt 0.054821 -0.316255
vt 0.054821 -0.316255
vt 0.054821 -0.323398
vt 0.082232 -0.322208
vt 0.082232 -0.315066
vt 0.082232 -0.315066
vt 0.082232 -0.322208
vt 0.109643 -0.320543
vt 0.109643 -0.313401
vt 0.109643 -0.313401
vt 0.109643 -0.320543
vt 0.137053 -0.318402
vt 0.137053 -0.311260
vt 0.137053 -0.311260
vt 0.137053 -0.318402
vt 0.164463 -0.315786
vt 0.164463 -0.308643
vt 0.164463 -0.308643
vt 0.164463 -0.315786
vt 0.191875 -0.312693
vt 0.191875 -0.305550
vt 0.191875 -0.305550
vt 0.191875 -0.312693
vt 0.219285 -0.309125
vt 0.219285 -0.301982
vt 0.219285 -0.301982
vt 0.219285 -0.309125
vt 0.246696 -0.305081
vt 0.246696 -0.297938
vt 0.219285 1.158373
vt 0.219285 1.151773
vt 0.191875 1.151104
vt 0.191875 1.157703
vt 0.191875 1.157703
vt 0.191875 1.151104
vt 0.164463 1.150524
vt 0.164463 1.157124
vt 0.164463 1.157124
vt 0.164463 1.150524
vt 0.137053 1.150034
vt 0.137053 1.156634
vt 0.137053 1.156634
vt 0.137053 1.150034
vt 0.109643 1.149633
vt 0.109643 1.156232
vt 0.109643 1.156232
vt 0.109643 1.149633
vt 0.082232 1.149321
vt 0.082232 1.155921
vt 0.082232 1.155921
vt 0.082232 1.149321
vt 0.054821 1.149098
vt 0.054821 1.155698
vt 0.054821 1.155698
vt 0.054821 1.149098
vt 0.027411 1.148964
vt 0.027411 1.155563
vt 0.027411 1.155563
vt 0.027411 1.148964
vt 0.000000 1.148920
vt 0.000000 1.155519
vt 0.109643 0.907848
vt 0.137053 0.908228
vt 0.137053 0.976412
vt 0.109643 0.976032
vt 0.109643 0.981816
vt 0.137053 0.982196
vt 0.137053 0.914012
vt 0.109643 0.913632
vt 0.109643 -0.255062
vt 0.137053 -0.253134
vt 0.137053 -0.270271
vt 0.109643 -0.272199
vt 0.910591 -0.265421
vt 0.906391 -0.258278
vt 0.909776 -0.241141
vt 0.916375 -0.236131
vt 0.984558 -0.249596
vt 0.988758 -0.256739
vt 0.985374 -0.273876
vt 0.978774 -0.278886
vt 0.137053 -0.268732
vt 0.109643 -0.270659
vt 0.109643 -0.287796
vt 0.137053 -0.285869
vt 0.219285 0.909874
vt 0.246696 0.910591
vt 0.246696 0.978774
vt 0.219285 0.978057
vt 0.191875 0.909241
vt 0.219285 0.909874
vt 0.219285 0.978057
vt 0.191875 0.977424
vt 0.164463 0.908692
vt 0.191875 0.909241
vt 0.191875 0.977424
vt 0.164463 0.976876
vt 0.137053 0.908228
vt 0.164463 0.908692
vt 0.164463 0.976876
vt 0.137053 0.976412
vt 0.027411 0.975399
vt 0.000000 0.975356
vt 0.000000 0.907173
vt 0.027411 0.907216
vt 0.054821 0.975525
vt 0.027411 0.975399
vt 0.027411 0.907216
vt 0.054821 0.907342
vt 0.082232 0.975736
vt 0.054821 0.975525
vt 0.054821 0.907342
vt 0.082232 0.907553
vt 0.109643 0.976032
vt 0.082232 0.975736
vt 0.082232 0.907553
vt 0.109643 0.907848
vt 0.219285 0.983841
vt 0.246696 0.984558
vt 0.246696 0.916375
vt 0.219285 0.915658
vt 0.191875 0.983208
vt 0.219285 0.983841
vt 0.219285 0.915658
vt 0.191875 0.915025
vt 0.164463 0.982660
vt 0.191875 0.983208
vt 0.191875 0.915025
vt 0.164463 0.914476
vt 0.137053 0.982196
vt 0.164463 0.982660
vt 0.164463 0.914476
vt 0.137053 0.914012
vt 0.027411 0.913000
vt 0.000000 0.912957
vt 0.000000 0.981140
vt 0.027411 0.981182
vt 0.054821 0.913126
vt 0.027411 0.913000
vt 0.027411 0.981182
vt 0.054821 0.981310
vt 0.082232 0.913337
vt 0.054821 0.913126
vt 0.054821 0.981310
vt 0.082232 0.981521
vt 0.109643 0.913632
vt 0.082232 0.913337
vt 0.082232 0.981521
vt 0.109643 0.981816
vt 0.219285 -0.244782
vt 0.246696 -0.241141
vt 0.246696 -0.258278
vt 0.219285 -0.261919
vt 0.191875 -0.247994
vt 0.219285 -0.244782
vt 0.219285 -0.261919
vt 0.191875 -0.265131
vt 0.164463 -0.250779
vt 0.191875 -0.247994
vt 0.191875 -0.265131
vt 0.164463 -0.267915
vt 0.137053 -0.253134
vt 0.164463 -0.250779
vt 0.164463 -0.267915
vt 0.137053 -0.270271
vt 0.027411 -0.275411
vt 0.000000 -0.275625
vt 0.000000 -0.258488
vt 0.027411 -0.258274
vt 0.054821 -0.274768
vt 0.027411 -0.275411
vt 0.027411 -0.258274
vt 0.054821 -0.257632
vt 0.082232 -0.273698
vt 0.054821 -0.274768
vt 0.054821 -0.257632
vt 0.082232 -0.256561
vt 0.109643 -0.272199
vt 0.082232 -0.273698
vt 0.082232 -0.256561
vt 0.109643 -0.255062
vt 0.027411 -0.273872
vt 0.000000 -0.274086
vt 0.000000 -0.291222
vt 0.027411 -0.291008
vt 0.054821 -0.273229
vt 0.027411 -0.273872
vt 0.027411 -0.291008
vt 0.054821 -0.290366
vt 0.082232 -0.272159
vt 0.054821 -0.273229
vt 0.054821 -0.290366
vt 0.082232 -0.289295
vt 0.109643 -0.270659
vt 0.082232 -0.272159
vt 0.082232 -0.289295
vt 0.109643 -0.287796
vt 0.219285 -0.277516
vt 0.246696 -0.273876
vt 0.246696 -0.256739
vt 0.219285 -0.260380
vt 0.191875 -0.280729
vt 0.219285 -0.277516
vt 0.219285 -0.260380
vt 0.191875 -0.263592
vt 0.164464 -0.283513
vt 0.191875 -0.280729
vt 0.191875 -0.263592
vt 0.164463 -0.266376
vt 0.137053 -0.285869
vt 0.164464 -0.283513
vt 0.164463 -0.266376
vt 0.137053 -0.268732
vt 0.000000 -0.282767
vt 0.000000 -0.275625
vt 0.027411 -0.275411
vt 0.027411 -0.282554
vt 0.246696 0.978774
vt 0.246696 0.985374
vt 0.219285 0.984657
vt 0.219285 0.978057
vt 0.000000 -0.266943
vt 0.000000 -0.274086
vt 0.027411 -0.273872
vt 0.027411 -0.266729
vt 0.246696 0.916375
vt 0.246696 0.909776
vt 0.219285 0.909058
vt 0.219285 0.915658
vt 0.027411 -0.282554
vt 0.027411 -0.275411
vt 0.054821 -0.274768
vt 0.054821 -0.281911
vt 0.054821 -0.281911
vt 0.054821 -0.274768
vt 0.082232 -0.273698
vt 0.082232 -0.280840
vt 0.082232 -0.280840
vt 0.082232 -0.273698
vt 0.109643 -0.272199
vt 0.109643 -0.279341
vt 0.109643 -0.279341
vt 0.109643 -0.272199
vt 0.137053 -0.270271
vt 0.137053 -0.277414
vt 0.137053 -0.277414
vt 0.137053 -0.270271
vt 0.164463 -0.267915
vt 0.164463 -0.275058
vt 0.164463 -0.275058
vt 0.164463 -0.267915
vt 0.191875 -0.265131
vt 0.191875 -0.272274
vt 0.191875 -0.272274
vt 0.191875 -0.265131
vt 0.219285 -0.261919
vt 0.219285 -0.269061
vt 0.219285 -0.269061
vt 0.219285 -0.261919
vt 0.246696 -0.258278
vt 0.246696 -0.265421
vt 0.219285 0.978057
vt 0.219285 0.984657
vt 0.191875 0.984024
vt 0.191875 0.977424
vt 0.191875 0.977424
vt 0.191875 0.984024
vt 0.164464 0.983475
vt 0.164463 0.976876
vt 0.164463 0.976876
vt 0.164464 0.983475
vt 0.137053 0.983011
vt 0.137053 0.976412
vt 0.137053 0.976412
vt 0.137053 0.983011
vt 0.109643 0.982631
vt 0.109643 0.976032
vt 0.109643 0.976032
vt 0.109643 0.982631
vt 0.082232 0.982336
vt 0.082232 0.975736
vt 0.082232 0.975736
vt 0.082232 0.982336
vt 0.054821 0.982124
vt 0.054821 0.975525
vt 0.054821 0.975525
vt 0.054821 0.982124
vt 0.027411 0.981998
vt 0.027411 0.975399
vt 0.027411 0.975399
vt 0.027411 0.981998
vt 0.000000 0.981956
vt 0.000000 0.975356
vt 0.027411 -0.266729
vt 0.027411 -0.273872
vt 0.054821 -0.273229
vt 0.054821 -0.266087
vt 0.054821 -0.266087
vt 0.054821 -0.273229
vt 0.082232 -0.272159
vt 0.082232 -0.265016
vt 0.082232 -0.265016
vt 0.082232 -0.272159
vt 0.109643 -0.270659
vt 0.109643 -0.263517
vt 0.109643 -0.263517
vt 0.109643 -0.270659
vt 0.137053 -0.268732
vt 0.137053 -0.261589
vt 0.137053 -0.261589
vt 0.137053 -0.268732
vt 0.164463 -0.266376
vt 0.164463 -0.259233
vt 0.164463 -0.259233
vt 0.164463 -0.266376
vt 0.191875 -0.263592
vt 0.191875 -0.256450
vt 0.191875 -0.256450
vt 0.191875 -0.263592
vt 0.219285 -0.260380
vt 0.219285 -0.253237
vt 0.219285 -0.253237
vt 0.219285 -0.260380
vt 0.246696 -0.256739
vt 0.246696 -0.249596
vt 0.219285 0.915658
vt 0.219285 0.909058
vt 0.191875 0.908425
vt 0.191875 0.915025
vt 0.191875 0.915025
vt 0.191875 0.908425
vt 0.164463 0.907877
vt 0.164463 0.914476
vt 0.164463 0.914476
vt 0.164463 0.907877
vt 0.137053 0.907413
vt 0.137053 0.914012
vt 0.137053 0.914012
vt 0.137053 0.907413
vt 0.109643 0.907033
vt 0.109643 0.913632
vt 0.109643 0.913632
vt 0.109643 0.907033
vt 0.082232 0.906738
vt 0.082232 0.913337
vt 0.082232 0.913337
vt 0.082232 0.906738
vt 0.054821 0.906527
vt 0.054821 0.913126
vt 0.054821 0.913126
vt 0.054821 0.906527
vt 0.027411 0.906400
vt 0.027411 0.913000
vt 0.027411 0.913000
vt 0.027411 0.906400
vt 0.000000 0.906358
vt 0.000000 0.912957
vt 0.663943 -0.221841
vt 1.327861 -0.352856
vt 1.335514 -0.314125
vt 0.663943 -0.181406
vt 0.663943 -0.221841
vt 0.663943 -0.181406
vt 1.335514 -0.314125
vt 1.327861 -0.352856
vt 0.663943 0.250503
vt 1.336483 0.250503
vt 1.336483 0.292531
vt 0.663943 0.292531
vt -0.315094 0.250503
vt -0.353825 0.250503
vt -0.353825 0.292531
vt -0.315094 0.292531
vt 1.326892 0.250503
vt 0.663943 0.250503
vt 0.663943 0.292531
vt 1.326892 0.292531
vt 0.663943 -0.221841
vt 0.663943 -0.181406
vt 0.632354 -0.186229
vt 0.632354 -0.226664
vt 0.663943 0.250503
vt 0.663943 0.292531
vt 0.632354 0.292531
vt 0.632354 0.250503
vt 0.663943 -0.181406
vt 0.663943 -0.221841
vt 0.632354 -0.226664
vt 0.632354 -0.186229
vt 0.663943 0.292531
vt 0.663943 0.250503
vt 0.632354 0.250503
vt 0.632354 0.292531
vt 1.326892 0.250503
vt 1.332766 0.250503
vt 1.327861 0.245503
vt -0.314125 0.245503
vt -0.315094 0.250503
vt -0.309220 0.250503
vt 1.326892 0.292531
vt 1.327861 0.297531
vt 1.332766 0.292531
vt -0.315094 0.292531
vt -0.314125 0.297531
vt -0.309220 0.292531
vt 0.663943 -0.221841
vt 0.663943 -0.226841
vt 1.326892 -0.357761
vt 1.327861 -0.352856
vt 1.327861 -0.352856
vt 1.332766 -0.353825
vt 1.340419 -0.315094
vt 1.335514 -0.314125
vt 1.335514 -0.314125
vt 1.336483 -0.309220
vt 0.663943 -0.176406
vt 0.663943 -0.181406
vt 0.663943 -0.181406
vt 0.663943 -0.176406
vt 1.336483 -0.309220
vt 1.335514 -0.314125
vt 1.335514 -0.314125
vt 1.340419 -0.315094
vt 1.332766 -0.353825
vt 1.327861 -0.352856
vt 1.327861 -0.352856
vt 1.326892 -0.357761
vt 0.663943 -0.226841
vt 0.663943 -0.221841
vt -0.309220 0.250503
vt -0.315094 0.250503
vt -0.315094 0.292531
vt -0.309220 0.292531
vt 1.332766 0.250503
vt 1.326892 0.250503
vt 1.326892 0.292531
vt 1.332766 0.292531
vt 0.663943 -0.226841
vt 0.663943 -0.221841
vt 0.632354 -0.226664
vt 0.632354 -0.231664
vt 0.663943 -0.181406
vt 0.663943 -0.176406
vt 0.632354 -0.181229
vt 0.632354 -0.186229
vt 0.663943 -0.176406
vt 0.663943 -0.181406
vt 0.632354 -0.186229
vt 0.632354 -0.181229
vt 0.663943 -0.221841
vt 0.663943 -0.226841
vt 0.632354 -0.231664
vt 0.632354 -0.226664
vt -0.109642 1.150448
vt -0.109642 1.218632
vt -0.137053 1.219033
vt -0.137053 1.150850
vt -0.109642 1.224416
vt -0.109642 1.156232
vt -0.137053 1.156634
vt -0.137053 1.224817
vt -0.109642 -0.304946
vt -0.109642 -0.322082
vt -0.137053 -0.319941
vt -0.137053 -0.302805
vt 1.153346 -0.313762
vt 1.221529 -0.327227
vt 1.228129 -0.322217
vt 1.231513 -0.305081
vt 1.227314 -0.297938
vt 1.159131 -0.284473
vt 1.152531 -0.289483
vt 1.149147 -0.306620
vt -0.137052 -0.318402
vt -0.137053 -0.335539
vt -0.109642 -0.337680
vt -0.109642 -0.320543
vt -0.219284 1.152589
vt -0.219284 1.220772
vt -0.246695 1.221529
vt -0.246696 1.153346
vt -0.191874 1.151919
vt -0.191874 1.220103
vt -0.219284 1.220772
vt -0.219284 1.152589
vt -0.164464 1.151340
vt -0.164464 1.219523
vt -0.191874 1.220103
vt -0.191874 1.151919
vt -0.137053 1.150850
vt -0.137053 1.219033
vt -0.164464 1.219523
vt -0.164464 1.151340
vt -0.027411 1.217963
vt -0.027411 1.149779
vt 0.000000 1.149735
vt 0.000000 1.217919
vt -0.054821 1.218097
vt -0.054821 1.149914
vt -0.027411 1.149779
vt -0.027411 1.217963
vt -0.082232 1.218319
vt -0.082232 1.150136
vt -0.054821 1.149914
vt -0.054821 1.218097
vt -0.109642 1.218632
vt -0.109642 1.150448
vt -0.082232 1.150136
vt -0.082232 1.218319
vt -0.219284 1.226556
vt -0.219284 1.158373
vt -0.246696 1.159131
vt -0.246695 1.227314
vt -0.191874 1.225887
vt -0.191874 1.157703
vt -0.219284 1.158373
vt -0.219284 1.226556
vt -0.164464 1.225307
vt -0.164464 1.157124
vt -0.191874 1.157703
vt -0.191874 1.225887
vt -0.137053 1.224817
vt -0.137053 1.156634
vt -0.164464 1.157124
vt -0.164464 1.225307
vt -0.027411 1.155563
vt -0.027411 1.223747
vt 0.000000 1.223703
vt 0.000000 1.155519
vt -0.054821 1.155698
vt -0.054821 1.223881
vt -0.027411 1.223747
vt -0.027411 1.155563
vt -0.082232 1.155921
vt -0.082232 1.224104
vt -0.054821 1.223881
vt -0.054821 1.155698
vt -0.109642 1.156232
vt -0.109642 1.224416
vt -0.082232 1.224104
vt -0.082232 1.155921
vt -0.219284 -0.293527
vt -0.219284 -0.310664
vt -0.246696 -0.306620
vt -0.246696 -0.289483
vt -0.191874 -0.297095
vt -0.191874 -0.314232
vt -0.219284 -0.310664
vt -0.219284 -0.293527
vt -0.164464 -0.300188
vt -0.164464 -0.317325
vt -0.191874 -0.314232
vt -0.191874 -0.297095
vt -0.137053 -0.302805
vt -0.137053 -0.319941
vt -0.164464 -0.317325
vt -0.164464 -0.300188
vt -0.027411 -0.325650
vt -0.027411 -0.308514
vt 0.000000 -0.308752
vt 0.000000 -0.325888
vt -0.054821 -0.324937
vt -0.054821 -0.307800
vt -0.027411 -0.308514
vt -0.027411 -0.325650
vt -0.082232 -0.323748
vt -0.082232 -0.306611
vt -0.054821 -0.307800
vt -0.054821 -0.324937
vt -0.109642 -0.322082
vt -0.109642 -0.304946
vt -0.082232 -0.306611
vt -0.082232 -0.323748
vt -0.027411 -0.324111
vt -0.027411 -0.341248
vt 0.000000 -0.341486
vt 0.000000 -0.324349
vt -0.054821 -0.323398
vt -0.054821 -0.340534
vt -0.027411 -0.341248
vt -0.027411 -0.324111
vt -0.082232 -0.322208
vt -0.082232 -0.339345
vt -0.054821 -0.340534
vt -0.054821 -0.323398
vt -0.109642 -0.320543
vt -0.109642 -0.337680
vt -0.082232 -0.339345
vt -0.082232 -0.322208
vt -0.219284 -0.326261
vt -0.219284 -0.309125
vt -0.246695 -0.305081
vt -0.246695 -0.322217
vt -0.191874 -0.329830
vt -0.191874 -0.312693
vt -0.219284 -0.309125
vt -0.219284 -0.326261
vt -0.164464 -0.332922
vt -0.164464 -0.315786
vt -0.191874 -0.312693
vt -0.191874 -0.329830
vt -0.137053 -0.335539
vt -0.137052 -0.318402
vt -0.164464 -0.315786
vt -0.164464 -0.332922
vt 0.000000 -0.333031
vt -0.027411 -0.332793
vt -0.027411 -0.325650
vt 0.000000 -0.325888
vt -0.246695 1.221529
vt -0.219284 1.220772
vt -0.219284 1.227372
vt -0.246695 1.228129
vt 0.000000 -0.317207
vt -0.027411 -0.316969
vt -0.027411 -0.324111
vt 0.000000 -0.324349
vt -0.246696 1.159131
vt -0.219284 1.158373
vt -0.219284 1.151773
vt -0.246696 1.152531
vt -0.027411 -0.332793
vt -0.054821 -0.332080
vt -0.054821 -0.324937
vt -0.027411 -0.325650
vt -0.054821 -0.332080
vt -0.082232 -0.330890
vt -0.082232 -0.323748
vt -0.054821 -0.324937
vt -0.082232 -0.330890
vt -0.109642 -0.329225
vt -0.109642 -0.322082
vt -0.082232 -0.323748
vt -0.109642 -0.329225
vt -0.137053 -0.327084
vt -0.137053 -0.319941
vt -0.109642 -0.322082
vt -0.137053 -0.327084
vt -0.164464 -0.324467
vt -0.164464 -0.317325
vt -0.137053 -0.319941
vt -0.164464 -0.324467
vt -0.191874 -0.321375
vt -0.191874 -0.314232
vt -0.164464 -0.317325
vt -0.191874 -0.321375
vt -0.219284 -0.317806
vt -0.219284 -0.310664
vt -0.191874 -0.314232
vt -0.219284 -0.317806
vt -0.246696 -0.313762
vt -0.246696 -0.306620
vt -0.219284 -0.310664
vt -0.219284 1.220772
vt -0.191874 1.220103
vt -0.191874 1.226703
vt -0.219284 1.227372
vt -0.191874 1.220103
vt -0.164464 1.219523
vt -0.164464 1.226123
vt -0.191874 1.226703
vt -0.164464 1.219523
vt -0.137053 1.219033
vt -0.137053 1.225633
vt -0.164464 1.226123
vt -0.137053 1.219033
vt -0.109642 1.218632
vt -0.109642 1.225231
vt -0.137053 1.225633
vt -0.109642 1.218632
vt -0.082232 1.218319
vt -0.082232 1.224919
vt -0.109642 1.225231
vt -0.082232 1.218319
vt -0.054821 1.218097
vt -0.054821 1.224696
vt -0.082232 1.224919
vt -0.054821 1.218097
vt -0.027411 1.217963
vt -0.027411 1.224562
vt -0.054821 1.224696
vt -0.027411 1.217963
vt 0.000000 1.217919
vt 0.000000 1.224518
vt -0.027411 1.224562
vt -0.027411 -0.316969
vt -0.054821 -0.316255
vt -0.054821 -0.323398
vt -0.027411 -0.324111
vt -0.054821 -0.316255
vt -0.082232 -0.315066
vt -0.082232 -0.322208
vt -0.054821 -0.323398
vt -0.082232 -0.315066
vt -0.109642 -0.313401
vt -0.109642 -0.320543
vt -0.082232 -0.322208
vt -0.109642 -0.313401
vt -0.137053 -0.311260
vt -0.137052 -0.318402
vt -0.109642 -0.320543
vt -0.137053 -0.311260
vt -0.164464 -0.308643
vt -0.164464 -0.315786
vt -0.137052 -0.318402
vt -0.164464 -0.308643
vt -0.191874 -0.305550
vt -0.191874 -0.312693
vt -0.164464 -0.315786
vt -0.191874 -0.305550
vt -0.219284 -0.301982
vt -0.219284 -0.309125
vt -0.191874 -0.312693
vt -0.219284 -0.301982
vt -0.246695 -0.297938
vt -0.246695 -0.305081
vt -0.219284 -0.309125
vt -0.219284 1.158373
vt -0.191874 1.157703
vt -0.191874 1.151105
vt -0.219284 1.151773
vt -0.191874 1.157703
vt -0.164464 1.157124
vt -0.164464 1.150524
vt -0.191874 1.151105
vt -0.164464 1.157124
vt -0.137053 1.156634
vt -0.137053 1.150034
vt -0.164464 1.150524
vt -0.137053 1.156634
vt -0.109642 1.156232
vt -0.109642 1.149633
vt -0.137053 1.150034
vt -0.109642 1.156232
vt -0.082232 1.155921
vt -0.082232 1.149321
vt -0.109642 1.149633
vt -0.082232 1.155921
vt -0.054821 1.155698
vt -0.054821 1.149098
vt -0.082232 1.149321
vt -0.054821 1.155698
vt -0.027411 1.155563
vt -0.027411 1.148964
vt -0.054821 1.149098
vt -0.027411 1.155563
vt 0.000000 1.155519
vt 0.000000 1.148920
vt -0.027411 1.148964
vt -0.109642 0.907848
vt -0.109642 0.976032
vt -0.137053 0.976412
vt -0.137053 0.908228
vt -0.109642 0.981816
vt -0.109642 0.913633
vt -0.137053 0.914012
vt -0.137053 0.982196
vt -0.109642 -0.255062
vt -0.109642 -0.272199
vt -0.137053 -0.270271
vt -0.137053 -0.253134
vt 0.910591 -0.265421
vt 0.978774 -0.278886
vt 0.985374 -0.273876
vt 0.988758 -0.256739
vt 0.984559 -0.249596
vt 0.916375 -0.236131
vt 0.909776 -0.241141
vt 0.906392 -0.258278
vt -0.137053 -0.268732
vt -0.137053 -0.285869
vt -0.109642 -0.287796
vt -0.109642 -0.270659
vt -0.219284 0.909874
vt -0.219284 0.978057
vt -0.246695 0.978774
vt -0.246696 0.910591
vt -0.191874 0.909241
vt -0.191874 0.977424
vt -0.219284 0.978057
vt -0.219284 0.909874
vt -0.164464 0.908692
vt -0.164464 0.976876
vt -0.191874 0.977424
vt -0.191874 0.909241
vt -0.137053 0.908228
vt -0.137053 0.976412
vt -0.164464 0.976876
vt -0.164464 0.908692
vt -0.027411 0.975399
vt -0.027411 0.907216
vt 0.000000 0.907173
vt 0.000000 0.975356
vt -0.054821 0.975525
vt -0.054821 0.907342
vt -0.027411 0.907216
vt -0.027411 0.975399
vt -0.082232 0.975736
vt -0.082232 0.907553
vt -0.054821 0.907342
vt -0.054821 0.975525
vt -0.109642 0.976032
vt -0.109642 0.907848
vt -0.082232 0.907553
vt -0.082232 0.975736
vt -0.219284 0.983841
vt -0.219284 0.915658
vt -0.246696 0.916375
vt -0.246695 0.984559
vt -0.191874 0.983208
vt -0.191874 0.915025
vt -0.219284 0.915658
vt -0.219284 0.983841
vt -0.164464 0.982660
vt -0.164464 0.914476
vt -0.191874 0.915025
vt -0.191874 0.983208
vt -0.137053 0.982196
vt -0.137053 0.914012
vt -0.164464 0.914476
vt -0.164464 0.982660
vt -0.027411 0.913000
vt -0.027411 0.981182
vt 0.000000 0.981140
vt 0.000000 0.912957
vt -0.054821 0.913126
vt -0.054821 0.981310
vt -0.027411 0.981182
vt -0.027411 0.913000
vt -0.082232 0.913337
vt -0.082232 0.981521
vt -0.054821 0.981310
vt -0.054821 0.913126
vt -0.109642 0.913633
vt -0.109642 0.981816
vt -0.082232 0.981521
vt -0.082232 0.913337
vt -0.219284 -0.244782
vt -0.219284 -0.261919
vt -0.246696 -0.258278
vt -0.246696 -0.241141
vt -0.191874 -0.247994
vt -0.191874 -0.265131
vt -0.219284 -0.261919
vt -0.219284 -0.244782
vt -0.164464 -0.250779
vt -0.164464 -0.267915
vt -0.191874 -0.265131
vt -0.191874 -0.247994
vt -0.137053 -0.253134
vt -0.137053 -0.270271
vt -0.164464 -0.267915
vt -0.164464 -0.250779
vt -0.027411 -0.275411
vt -0.027411 -0.258274
vt 0.000000 -0.258488
vt 0.000000 -0.275625
vt -0.054821 -0.274768
vt -0.054821 -0.257632
vt -0.027411 -0.258274
vt -0.027411 -0.275411
vt -0.082232 -0.273698
vt -0.082232 -0.256561
vt -0.054821 -0.257632
vt -0.054821 -0.274768
vt -0.109642 -0.272199
vt -0.109642 -0.255062
vt -0.082232 -0.256561
vt -0.082232 -0.273698
vt -0.027411 -0.273872
vt -0.027411 -0.291008
vt 0.000000 -0.291222
vt 0.000000 -0.274086
vt -0.054821 -0.273229
vt -0.054821 -0.290366
vt -0.027411 -0.291008
vt -0.027411 -0.273872
vt -0.082232 -0.272159
vt -0.082232 -0.289295
vt -0.054821 -0.290366
vt -0.054821 -0.273229
vt -0.109642 -0.270659
vt -0.109642 -0.287796
vt -0.082232 -0.289295
vt -0.082232 -0.272159
vt -0.219284 -0.277516
vt -0.219284 -0.260380
vt -0.246695 -0.256739
vt -0.246695 -0.273876
vt -0.191874 -0.280729
vt -0.191874 -0.263592
vt -0.219284 -0.260380
vt -0.219284 -0.277516
vt -0.164464 -0.283513
vt -0.164464 -0.266376
vt -0.191874 -0.263592
vt -0.191874 -0.280729
vt -0.137053 -0.285869
vt -0.137053 -0.268732
vt -0.164464 -0.266376
vt -0.164464 -0.283513
vt 0.000000 -0.282767
vt -0.027411 -0.282554
vt -0.027411 -0.275411
vt 0.000000 -0.275625
vt -0.246695 0.978774
vt -0.219284 0.978057
vt -0.219284 0.984657
vt -0.246695 0.985374
vt 0.000000 -0.266943
vt -0.027411 -0.266729
vt -0.027411 -0.273872
vt 0.000000 -0.274086
vt -0.246696 0.916375
vt -0.219284 0.915658
vt -0.219284 0.909058
vt -0.246696 0.909776
vt -0.027411 -0.282554
vt -0.054821 -0.281911
vt -0.054821 -0.274768
vt -0.027411 -0.275411
vt -0.054821 -0.281911
vt -0.082232 -0.280840
vt -0.082232 -0.273698
vt -0.054821 -0.274768
vt -0.082232 -0.280840
vt -0.109642 -0.279341
vt -0.109642 -0.272199
vt -0.082232 -0.273698
vt -0.109642 -0.279341
vt -0.137053 -0.277414
vt -0.137053 -0.270271
vt -0.109642 -0.272199
vt -0.137053 -0.277414
vt -0.164464 -0.275058
vt -0.164464 -0.267915
vt -0.137053 -0.270271
vt -0.164464 -0.275058
vt -0.191874 -0.272274
vt -0.191874 -0.265131
vt -0.164464 -0.267915
vt -0.191874 -0.272274
vt -0.219284 -0.269061
vt -0.219284 -0.261919
vt -0.191874 -0.265131
vt -0.219284 -0.269061
vt -0.246696 -0.265421
vt -0.246696 -0.258278
vt -0.219284 -0.261919
vt -0.219284 0.978057
vt -0.191874 0.977424
vt -0.191874 0.984024
vt -0.219284 0.984657
vt -0.191874 0.977424
vt -0.164464 0.976876
vt -0.164464 0.983475
vt -0.191874 0.984024
vt -0.164464 0.976876
vt -0.137053 0.976412
vt -0.137053 0.983011
vt -0.164464 0.983475
vt -0.137053 0.976412
vt -0.109642 0.976032
vt -0.109642 0.982631
vt -0.137053 0.983011
vt -0.109642 0.976032
vt -0.082232 0.975736
vt -0.082232 0.982336
vt -0.109642 0.982631
vt -0.082232 0.975736
vt -0.054821 0.975525
vt -0.054821 0.982124
vt -0.082232 0.982336
vt -0.054821 0.975525
vt -0.027411 0.975399
vt -0.027411 0.981998
vt -0.054821 0.982124
vt -0.027411 0.975399
vt 0.000000 0.975356
vt 0.000000 0.981956
vt -0.027411 0.981998
vt -0.027411 -0.266729
vt -0.054821 -0.266087
vt -0.054821 -0.273229
vt -0.027411 -0.273872
vt -0.054821 -0.266087
vt -0.082232 -0.265016
vt -0.082232 -0.272159
vt -0.054821 -0.273229
vt -0.082232 -0.265016
vt -0.109642 -0.263517
vt -0.109642 -0.270659
vt -0.082232 -0.272159
vt -0.109642 -0.263517
vt -0.137053 -0.261589
vt -0.137053 -0.268732
vt -0.109642 -0.270659
vt -0.137053 -0.261589
vt -0.164464 -0.259233
vt -0.164464 -0.266376
vt -0.137053 -0.268732
vt -0.164464 -0.259233
vt -0.191874 -0.256450
vt -0.191874 -0.263592
vt -0.164464 -0.266376
vt -0.191874 -0.256450
vt -0.219284 -0.253237
vt -0.219284 -0.260380
vt -0.191874 -0.263592
vt -0.219284 -0.253237
vt -0.246695 -0.249596
vt -0.246695 -0.256739
vt -0.219284 -0.260380
vt -0.219284 0.915658
vt -0.191874 0.915025
vt -0.191874 0.908425
vt -0.219284 0.909058
vt -0.191874 0.915025
vt -0.164464 0.914476
vt -0.164464 0.907877
vt -0.191874 0.908425
vt -0.164464 0.914476
vt -0.137053 0.914012
vt -0.137053 0.907413
vt -0.164464 0.907877
vt -0.137053 0.914012
vt -0.109642 0.913633
vt -0.109642 0.907033
vt -0.137053 0.907413
vt -0.109642 0.913633
vt -0.082232 0.913337
vt -0.082232 0.906738
vt -0.109642 0.907033
vt -0.082232 0.913337
vt -0.054821 0.913126
vt -0.054821 0.906527
vt -0.082232 0.906738
vt -0.054821 0.913126
vt -0.027411 0.913000
vt -0.027411 0.906400
vt -0.054821 0.906527
vt -0.027411 0.913000
vt 0.000000 0.912957
vt 0.000000 0.906358
vt -0.027411 0.906400
vt 0.663943 -0.221841
vt 0.663943 -0.181406
vt 1.335514 -0.314125
vt 1.327861 -0.352856
vt 0.663943 -0.221841
vt 1.327861 -0.352856
vt 1.335514 -0.314125
vt 0.663943 -0.181406
vt 0.663943 -0.250503
vt 0.663943 -0.292530
vt 1.336484 -0.292530
vt 1.336484 -0.250502
vt -0.315094 -0.250502
vt -0.315094 -0.292530
vt -0.353825 -0.292530
vt -0.353825 -0.250502
vt 1.326892 -0.250502
vt 1.326892 -0.292530
vt 0.663943 -0.292530
vt 0.663943 -0.250503
vt 0.663943 -0.221841
vt 0.632354 -0.226664
vt 0.632354 -0.186229
vt 0.663943 -0.181406
vt 0.663943 -0.250503
vt 0.632354 -0.250503
vt 0.632354 -0.292530
vt 0.663943 -0.292530
vt 0.663943 -0.181406
vt 0.632354 -0.186229
vt 0.632354 -0.226664
vt 0.663943 -0.221841
vt 0.663943 -0.292530
vt 0.632354 -0.292530
vt 0.632354 -0.250503
vt 0.663943 -0.250503
vt 1.326892 -0.250502
vt 1.327861 -0.245502
vt 1.332766 -0.250502
vt -0.314125 -0.245502
vt -0.309220 -0.250502
vt -0.315094 -0.250502
vt 1.326892 -0.292530
vt 1.332766 -0.292530
vt 1.327861 -0.297530
vt -0.315094 -0.292530
vt -0.309220 -0.292530
vt -0.314125 -0.297530
vt 0.663943 -0.221841
vt 1.327861 -0.352856
vt 1.326892 -0.357761
vt 0.663943 -0.226841
vt 1.327861 -0.352856
vt 1.335514 -0.314125
vt 1.340419 -0.315094
vt 1.332766 -0.353825
vt 1.335514 -0.314125
vt 0.663943 -0.181406
vt 0.663943 -0.176406
vt 1.336484 -0.309220
vt 0.663943 -0.181406
vt 1.335514 -0.314125
vt 1.336484 -0.309220
vt 0.663943 -0.176406
vt 1.335514 -0.314125
vt 1.327861 -0.352856
vt 1.332766 -0.353825
vt 1.340419 -0.315094
vt 1.327861 -0.352856
vt 0.663943 -0.221841
vt 0.663943 -0.226841
vt 1.326892 -0.357761
vt -0.309220 -0.250502
vt -0.309220 -0.292530
vt -0.315094 -0.292530
vt -0.315094 -0.250502
vt 1.332766 -0.250502
vt 1.332766 -0.292530
vt 1.326892 -0.292530
vt 1.326892 -0.250502
vt 0.663943 -0.226841
vt 0.632354 -0.231664
vt 0.632354 -0.226664
vt 0.663943 -0.221841
vt 0.663943 -0.181406
vt 0.632354 -0.186229
vt 0.632354 -0.181229
vt 0.663943 -0.176406
vt 0.663943 -0.176406
vt 0.632354 -0.181229
vt 0.632354 -0.186229
vt 0.663943 -0.181406
vt 0.663943 -0.221841
vt 0.632354 -0.226664
vt 0.632354 -0.231664
vt 0.663943 -0.226841
vt 0.041248 0.849001
vt 0.734929 0.849001
vt 0.734929 0.859333
vt 0.041248 0.859333
vt 0.041248 0.395833
vt 0.734929 0.395833
vt 0.734929 0.776415
vt 0.041248 0.776415
vt 0.041248 0.722951
vt 0.395833 0.849001
vt 0.395833 0.859333
vt 0.776415 0.859333
vt 0.776415 0.849001
vt 0.734929 0.395833
vt 0.041248 0.395833
vt 0.041248 0.722951
vt 0.041248 0.776415
vt 0.734929 0.776415
vt 0.395833 0.859333
vt 0.395833 0.849001
vt 0.722951 0.849001
vt 0.722951 0.859333
vt 0.722951 0.833333
vt 0.776415 0.833333
vt 0.783087 0.834313
vt 0.787854 0.837250
vt 0.790713 0.842146
vt 0.791667 0.849001
vt 0.791667 0.859333
vt 0.790713 0.866187
vt 0.787854 0.871083
vt 0.783087 0.874021
vt 0.776415 0.875000
vt 0.722951 0.875000
vt 0.041248 0.395833
vt 0.041248 0.722951
vt 0.015071 0.722951
vt 0.015071 0.395833
vt 0.041248 0.833333
vt 0.041248 0.875000
vt 0.015071 0.875000
vt 0.008477 0.874021
vt 0.003768 0.871083
vt 0.000941 0.866187
vt 0.000000 0.859333
vt 0.000000 0.849001
vt 0.000941 0.842146
vt 0.003768 0.837250
vt 0.008477 0.834313
vt 0.015071 0.833333
vt 0.041248 0.722951
vt 0.041248 0.395833
vt 0.015071 0.395833
vt 0.015071 0.722951
vt 0.776415 0.849001
vt 0.779334 0.842574
vt 0.776415 0.842146
vt 0.734929 0.776415
vt 0.741111 0.779334
vt 0.741523 0.776415
vt 0.041248 0.849001
vt 0.041248 0.842146
vt 0.734929 0.842146
vt 0.734929 0.849001
vt 0.734929 0.849001
vt 0.741523 0.849001
vt 0.741523 0.859333
vt 0.734929 0.859333
vt 0.734929 0.859333
vt 0.734929 0.866187
vt 0.041248 0.866187
vt 0.041248 0.859333
vt 0.734929 0.395833
vt 0.741523 0.395833
vt 0.741523 0.776415
vt 0.734929 0.776415
vt 0.395833 0.859333
vt 0.395833 0.866187
vt 0.776415 0.866187
vt 0.776415 0.859333
vt 0.776415 0.849001
vt 0.783087 0.849001
vt 0.782670 0.846002
vt 0.783087 0.849001
vt 0.787854 0.849001
vt 0.787139 0.843860
vt 0.782670 0.846002
vt 0.746232 0.849001
vt 0.741523 0.849001
vt 0.741523 0.842574
vt 0.746232 0.843860
vt 0.741523 0.849001
vt 0.734929 0.849001
vt 0.734929 0.842146
vt 0.741523 0.842574
vt 0.776415 0.849001
vt 0.782670 0.846002
vt 0.781419 0.843860
vt 0.782670 0.846002
vt 0.787139 0.843860
vt 0.784994 0.840188
vt 0.781419 0.843860
vt 0.746232 0.843860
vt 0.741523 0.842574
vt 0.741523 0.837984
vt 0.746232 0.840188
vt 0.741523 0.789820
vt 0.734929 0.790713
vt 0.734929 0.787854
vt 0.741523 0.787139
vt 0.776415 0.849001
vt 0.781419 0.843860
vt 0.779334 0.842574
vt 0.781419 0.843860
vt 0.784994 0.840188
vt 0.781419 0.837984
vt 0.779334 0.842574
vt 0.746232 0.784994
vt 0.741523 0.787139
vt 0.741523 0.782670
vt 0.746232 0.781419
vt 0.741523 0.787139
vt 0.734929 0.787854
vt 0.734929 0.783087
vt 0.741523 0.782670
vt 0.749059 0.779334
vt 0.746232 0.781419
vt 0.746232 0.776415
vt 0.749059 0.776415
vt 0.746232 0.781419
vt 0.741523 0.782670
vt 0.741523 0.776415
vt 0.746232 0.776415
vt 0.741523 0.782670
vt 0.734929 0.783087
vt 0.734929 0.776415
vt 0.741523 0.776415
vt 0.734929 0.776415
vt 0.734929 0.783087
vt 0.737814 0.782671
vt 0.734929 0.783087
vt 0.734929 0.787854
vt 0.739874 0.787139
vt 0.737814 0.782671
vt 0.734929 0.787854
vt 0.734929 0.790713
vt 0.741111 0.789820
vt 0.739874 0.787139
vt 0.734929 0.866187
vt 0.734929 0.859333
vt 0.741523 0.859333
vt 0.741111 0.866187
vt 0.734929 0.776415
vt 0.737814 0.782671
vt 0.739874 0.781420
vt 0.737814 0.782671
vt 0.739874 0.787139
vt 0.743407 0.784994
vt 0.739874 0.781420
vt 0.739874 0.787139
vt 0.741111 0.789820
vt 0.745526 0.787139
vt 0.743407 0.784994
vt 0.741111 0.866187
vt 0.741523 0.859333
vt 0.746232 0.859333
vt 0.745526 0.866187
vt 0.734929 0.776415
vt 0.739874 0.781420
vt 0.741111 0.779334
vt 0.739874 0.781420
vt 0.743407 0.784994
vt 0.745526 0.781420
vt 0.741111 0.779334
vt 0.743407 0.784994
vt 0.745526 0.787139
vt 0.748175 0.782671
vt 0.745526 0.781420
vt 0.787139 0.866187
vt 0.787854 0.859333
vt 0.783087 0.859333
vt 0.782671 0.866187
vt 0.741111 0.779334
vt 0.745526 0.781420
vt 0.746232 0.776415
vt 0.741523 0.776415
vt 0.745526 0.781420
vt 0.748175 0.782671
vt 0.749059 0.776415
vt 0.746232 0.776415
vt 0.782671 0.866187
vt 0.783087 0.859333
vt 0.776415 0.859333
vt 0.776415 0.866187
vt 0.041248 0.790713
vt 0.041248 0.787854
vt 0.734929 0.787854
vt 0.734929 0.790713
vt 0.041248 0.787854
vt 0.041248 0.783087
vt 0.734929 0.783087
vt 0.734929 0.787854
vt 0.041248 0.783087
vt 0.041248 0.776415
vt 0.734929 0.776415
vt 0.734929 0.783087
vt 0.741523 0.849001
vt 0.746232 0.849001
vt 0.746232 0.859333
vt 0.741523 0.859333
vt 0.787854 0.849001
vt 0.783087 0.849001
vt 0.783087 0.859333
vt 0.787854 0.859333
vt 0.783087 0.849001
vt 0.776415 0.849001
vt 0.776415 0.859333
vt 0.783087 0.859333
vt 0.734929 0.790713
vt 0.734929 0.787854
vt 0.041248 0.787854
vt 0.041248 0.790713
vt 0.734929 0.787854
vt 0.734929 0.783087
vt 0.041248 0.783087
vt 0.041248 0.787854
vt 0.734929 0.783087
vt 0.734929 0.776415
vt 0.041248 0.776415
vt 0.041248 0.783087
vt 0.741523 0.395833
vt 0.746232 0.395833
vt 0.746232 0.776415
vt 0.741523 0.776415
vt 0.746232 0.395833
vt 0.749059 0.395833
vt 0.749059 0.776415
vt 0.746232 0.776415
vt 0.395833 0.842146
vt 0.395833 0.849001
vt 0.776415 0.849001
vt 0.776415 0.842146
vt 0.749059 0.395833
vt 0.746232 0.395833
vt 0.746232 0.776415
vt 0.749059 0.776415
vt 0.746232 0.395833
vt 0.741523 0.395833
vt 0.741523 0.776415
vt 0.746232 0.776415
vt 0.741523 0.395833
vt 0.734929 0.395833
vt 0.734929 0.776415
vt 0.741523 0.776415
vt 0.395833 0.849001
vt 0.395833 0.842146
vt 0.722951 0.842146
vt 0.722951 0.849001
vt 0.722951 0.859333
vt 0.722951 0.866187
vt 0.395833 0.866187
vt 0.395833 0.859333
vt 0.000941 0.395833
vt 0.003768 0.395833
vt 0.003768 0.722951
vt 0.000941 0.722951
vt 0.003768 0.395833
vt 0.008477 0.395833
vt 0.008477 0.722951
vt 0.003768 0.722951
vt 0.008477 0.395833
vt 0.015071 0.395833
vt 0.015071 0.722951
vt 0.008477 0.722951
vt 0.000941 0.722951
vt 0.003768 0.722951
vt 0.003768 0.395833
vt 0.000941 0.395833
vt 0.003768 0.722951
vt 0.008477 0.722951
vt 0.008477 0.395833
vt 0.003768 0.395833
vt 0.008477 0.722951
vt 0.015071 0.722951
vt 0.015071 0.395833
vt 0.008477 0.395833
vt 0.041248 0.849001
vt 0.041248 0.859333
vt 0.734929 0.859333
vt 0.734929 0.849001
vt 0.041248 0.395833
vt 0.041248 0.068715
vt 0.041248 0.015252
vt 0.734929 0.015252
vt 0.734929 0.395833
vt 0.395833 0.849001
vt 0.015252 0.849001
vt 0.015252 0.859333
vt 0.395833 0.859333
vt 0.734929 0.395833
vt 0.734929 0.015252
vt 0.041248 0.015252
vt 0.041248 0.068715
vt 0.041248 0.395833
vt 0.395833 0.859333
vt 0.068715 0.859333
vt 0.068715 0.849001
vt 0.395833 0.849001
vt 0.068715 0.833333
vt 0.068715 0.875000
vt 0.015252 0.875000
vt 0.008580 0.874021
vt 0.003813 0.871083
vt 0.000953 0.866187
vt 0.000000 0.859333
vt 0.000000 0.849001
vt 0.000953 0.842147
vt 0.003813 0.837250
vt 0.008580 0.834313
vt 0.015252 0.833333
vt 0.041248 0.395833
vt 0.015071 0.395833
vt 0.015071 0.068715
vt 0.041248 0.068715
vt 0.041248 0.833333
vt 0.015071 0.833333
vt 0.008477 0.834313
vt 0.003768 0.837250
vt 0.000941 0.842147
vt 0.000000 0.849001
vt 0.000000 0.859333
vt 0.000941 0.866187
vt 0.003768 0.871083
vt 0.008477 0.874021
vt 0.015071 0.875000
vt 0.041248 0.875000
vt 0.041248 0.068715
vt 0.015071 0.068715
vt 0.015071 0.395833
vt 0.041248 0.395833
vt 0.015252 0.849001
vt 0.015252 0.842147
vt 0.012333 0.842575
vt 0.734929 0.015252
vt 0.741523 0.015252
vt 0.741111 0.012333
vt 0.041248 0.849001
vt 0.734929 0.849001
vt 0.734929 0.842147
vt 0.041248 0.842147
vt 0.734929 0.849001
vt 0.734929 0.859333
vt 0.741523 0.859333
vt 0.741523 0.849001
vt 0.734929 0.859333
vt 0.041248 0.859333
vt 0.041248 0.866187
vt 0.734929 0.866187
vt 0.734929 0.395833
vt 0.734929 0.015252
vt 0.741523 0.015252
vt 0.741523 0.395833
vt 0.395833 0.859333
vt 0.015252 0.859333
vt 0.015252 0.866187
vt 0.395833 0.866187
vt 0.015252 0.849001
vt 0.008997 0.846002
vt 0.008580 0.849001
vt 0.008580 0.849001
vt 0.008997 0.846002
vt 0.004528 0.843860
vt 0.003813 0.849001
vt 0.746232 0.849001
vt 0.746232 0.843860
vt 0.741523 0.842575
vt 0.741523 0.849001
vt 0.741523 0.849001
vt 0.741523 0.842575
vt 0.734929 0.842147
vt 0.734929 0.849001
vt 0.015252 0.849001
vt 0.010248 0.843860
vt 0.008997 0.846002
vt 0.008997 0.846002
vt 0.010248 0.843860
vt 0.006673 0.840188
vt 0.004528 0.843860
vt 0.746232 0.843860
vt 0.746232 0.840188
vt 0.741523 0.837985
vt 0.741523 0.842575
vt 0.741523 0.001847
vt 0.741523 0.004528
vt 0.734929 0.003813
vt 0.734929 0.000953
vt 0.015252 0.849001
vt 0.012333 0.842575
vt 0.010248 0.843860
vt 0.010248 0.843860
vt 0.012333 0.842575
vt 0.010248 0.837985
vt 0.006673 0.840188
vt 0.746232 0.006673
vt 0.746232 0.010248
vt 0.741523 0.008997
vt 0.741523 0.004528
vt 0.741523 0.004528
vt 0.741523 0.008997
vt 0.734929 0.008580
vt 0.734929 0.003813
vt 0.749059 0.012333
vt 0.749059 0.015252
vt 0.746232 0.015252
vt 0.746232 0.010248
vt 0.746232 0.010248
vt 0.746232 0.015252
vt 0.741523 0.015252
vt 0.741523 0.008997
vt 0.741523 0.008997
vt 0.741523 0.015252
vt 0.734929 0.015252
vt 0.734929 0.008580
vt 0.734929 0.015252
vt 0.737814 0.008997
vt 0.734929 0.008580
vt 0.734929 0.008580
vt 0.737814 0.008997
vt 0.739874 0.004528
vt 0.734929 0.003813
vt 0.734929 0.003813
vt 0.739874 0.004528
vt 0.741111 0.001847
vt 0.734929 0.000953
vt 0.734929 0.866187
vt 0.741111 0.866187
vt 0.741523 0.859333
vt 0.734929 0.859333
vt 0.734929 0.015252
vt 0.739874 0.010248
vt 0.737814 0.008997
vt 0.737814 0.008997
vt 0.739874 0.010248
vt 0.743407 0.006673
vt 0.739874 0.004528
vt 0.739874 0.004528
vt 0.743407 0.006673
vt 0.745526 0.004528
vt 0.741111 0.001847
vt 0.741111 0.866187
vt 0.745526 0.866187
vt 0.746232 0.859333
vt 0.741523 0.859333
vt 0.734929 0.015252
vt 0.741111 0.012333
vt 0.739874 0.010248
vt 0.739874 0.010248
vt 0.741111 0.012333
vt 0.745526 0.010248
vt 0.743407 0.006673
vt 0.743407 0.006673
vt 0.745526 0.010248
vt 0.748175 0.008997
vt 0.745526 0.004528
vt 0.004528 0.866187
vt 0.008997 0.866187
vt 0.008580 0.859333
vt 0.003813 0.859333
vt 0.741111 0.012333
vt 0.741523 0.015252
vt 0.746232 0.015252
vt 0.745526 0.010248
vt 0.745526 0.010248
vt 0.746232 0.015252
vt 0.749059 0.015252
vt 0.748175 0.008997
vt 0.008997 0.866187
vt 0.015252 0.866187
vt 0.015252 0.859333
vt 0.008580 0.859333
vt 0.041248 0.000953
vt 0.734929 0.000953
vt 0.734929 0.003813
vt 0.041248 0.003813
vt 0.041248 0.003813
vt 0.734929 0.003813
vt 0.734929 0.008580
vt 0.041248 0.008580
vt 0.041248 0.008580
vt 0.734929 0.008580
vt 0.734929 0.015252
vt 0.041248 0.015252
vt 0.741523 0.849001
vt 0.741523 0.859333
vt 0.746232 0.859333
vt 0.746232 0.849001
vt 0.003813 0.849001
vt 0.003813 0.859333
vt 0.008580 0.859333
vt 0.008580 0.849001
vt 0.008580 0.849001
vt 0.008580 0.859333
vt 0.015252 0.859333
vt 0.015252 0.849001
vt 0.734929 0.000953
vt 0.041248 0.000953
vt 0.041248 0.003813
vt 0.734929 0.003813
vt 0.734929 0.003813
vt 0.041248 0.003813
vt 0.041248 0.008580
vt 0.734929 0.008580
vt 0.734929 0.008580
vt 0.041248 0.008580
vt 0.041248 0.015252
vt 0.734929 0.015252
vt 0.741523 0.395833
vt 0.741523 0.015252
vt 0.746232 0.015252
vt 0.746232 0.395833
vt 0.746232 0.395833
vt 0.746232 0.015252
vt 0.749059 0.015252
vt 0.749059 0.395833
vt 0.395833 0.842146
vt 0.015252 0.842147
vt 0.015252 0.849001
vt 0.395833 0.849001
vt 0.749059 0.395833
vt 0.749059 0.015252
vt 0.746232 0.015252
vt 0.746232 0.395833
vt 0.746232 0.395833
vt 0.746232 0.015252
vt 0.741523 0.015252
vt 0.741523 0.395833
vt 0.741523 0.395833
vt 0.741523 0.015252
vt 0.734929 0.015252
vt 0.734929 0.395833
vt 0.395833 0.849001
vt 0.068715 0.849001
vt 0.068715 0.842147
vt 0.395833 0.842146
vt 0.068715 0.859333
vt 0.395833 0.859333
vt 0.395833 0.866187
vt 0.068715 0.866187
vt 0.000941 0.395833
vt 0.000941 0.068715
vt 0.003768 0.068715
vt 0.003768 0.395833
vt 0.003768 0.395833
vt 0.003768 0.068715
vt 0.008477 0.068715
vt 0.008477 0.395833
vt 0.008477 0.395833
vt 0.008477 0.068715
vt 0.015071 0.068715
vt 0.015071 0.395833
vt 0.000941 0.068715
vt 0.000941 0.395833
vt 0.003768 0.395833
vt 0.003768 0.068715
vt 0.003768 0.068715
vt 0.003768 0.395833
vt 0.008477 0.395833
vt 0.008477 0.068715
vt 0.008477 0.068715
vt 0.008477 0.395833
vt 0.015071 0.395833
vt 0.015071 0.068715
vn -0.75890 -0.57670 -0.30250
vn -0.32860 -0.60630 -0.72410
vn 0.26620 -0.65010 -0.71170
vn 0.67160 -0.68180 -0.29000
vn 0.67170 -0.68170 0.28990
vn 0.26620 -0.65010 0.71170
vn -0.32860 -0.60630 0.72410
vn -0.75900 -0.57660 0.30250
vn 0.41501 -0.02175 -0.90956
vn 0.26620 -0.65010 -0.71170
vn -0.32860 -0.60630 -0.72410
vn -0.34790 -0.03584 -0.93684
vn 0.92912 -0.01395 0.36952
vn 0.67170 -0.68170 0.28990
vn 0.67160 -0.68180 -0.29000
vn 0.92908 -0.01385 -0.36961
vn -0.34790 -0.03584 0.93684
vn -0.32860 -0.60630 0.72410
vn 0.26620 -0.65010 0.71170
vn 0.41501 -0.02175 0.90956
vn -0.91665 -0.04753 -0.39685
vn -0.75890 -0.57670 -0.30250
vn -0.75900 -0.57660 0.30250
vn -0.91665 -0.04752 0.39685
vn -0.34790 -0.03584 -0.93684
vn -0.32860 -0.60630 -0.72410
vn -0.75890 -0.57670 -0.30250
vn -0.91665 -0.04753 -0.39685
vn 0.92908 -0.01385 -0.36961
vn 0.67160 -0.68180 -0.29000
vn 0.26620 -0.65010 -0.71170
vn 0.41501 -0.02175 -0.90956
vn 0.41501 -0.02175 0.90956
vn 0.26620 -0.65010 0.71170
vn 0.67170 -0.68170 0.28990
vn 0.92912 -0.01395 0.36952
vn -0.91665 -0.04752 0.39685
vn -0.75900 -0.57660 0.30250
vn -0.32860 -0.60630 0.72410
vn -0.34790 -0.03584 0.93684
vn -0.29710 -0.63030 -0.71730
vn -0.29720 0.63020 -0.71730
vn 0.29710 0.63030 -0.71730
vn 0.29710 -0.63030 -0.71730
vn -0.29720 -0.63020 0.71730
vn 0.29710 -0.63030 0.71730
vn 0.29710 0.63030 0.71730
vn -0.29710 0.63030 0.71730
vn -0.71730 -0.63020 -0.29720
vn -0.29710 -0.63030 -0.71730
vn 0.29710 -0.63030 -0.71730
vn 0.71730 -0.63020 -0.29720
vn 0.71730 -0.63030 0.29710
vn 0.29710 -0.63030 0.71730
vn -0.29720 -0.63020 0.71730
vn -0.71730 -0.63030 0.29710
vn 0.71730 -0.63020 -0.29720
vn 0.71730 0.63030 -0.29710
vn 0.71730 0.63030 0.29710
vn 0.71730 -0.63030 0.29710
vn 0.71730 0.63030 -0.29710
vn 0.29710 0.63030 -0.71730
vn -0.29720 0.63020 -0.71730
vn -0.71730 0.63030 -0.29710
vn -0.71730 0.63020 0.29720
vn -0.29710 0.63030 0.71730
vn 0.29710 0.63030 0.71730
vn 0.71730 0.63030 0.29710
vn -0.71730 0.63030 -0.29710
vn -0.71730 -0.63020 -0.29720
vn -0.71730 -0.63030 0.29710
vn -0.71730 0.63020 0.29720
vn -0.29710 -0.63030 -0.71730
vn -0.71730 -0.63020 -0.29720
vn -0.71730 0.63030 -0.29710
vn -0.29720 0.63020 -0.71730
vn 0.29710 0.63030 -0.71730
vn 0.71730 0.63030 -0.29710
vn 0.71730 -0.63020 -0.29720
vn 0.29710 -0.63030 -0.71730
vn 0.29710 -0.63030 0.71730
vn 0.71730 -0.63030 0.29710
vn 0.71730 0.63030 0.29710
vn 0.29710 0.63030 0.71730
vn -0.29710 0.63030 0.71730
vn -0.71730 0.63020 0.29720
vn -0.71730 -0.63030 0.29710
vn -0.29720 -0.63020 0.71730
vn -0.71730 -0.29710 0.63030
vn -0.71730 0.29710 0.63030
vn -0.71730 0.29710 -0.63030
vn -0.71730 -0.29710 -0.63030
vn 0.29710 -0.71730 0.63030
vn 0.71730 -0.29720 0.63020
vn 0.71730 0.29710 0.63030
vn 0.29710 0.71730 0.63030
vn -0.29710 0.71730 0.63030
vn -0.71730 0.29710 0.63030
vn -0.71730 -0.29710 0.63030
vn -0.29710 -0.71730 0.63030
vn -0.71730 -0.29710 -0.63030
vn -0.29710 -0.71730 -0.63030
vn -0.29710 -0.71730 0.63030
vn -0.71730 -0.29710 0.63030
vn 0.89210 -0.45170 -0.00000
vn 0.95030 0.31140 0.00000
vn 0.95030 0.31140 0.00000
vn 0.89210 -0.45180 -0.00000
vn -0.95030 -0.31140 -0.00000
vn -0.89210 0.45180 0.00000
vn -0.89210 0.45180 0.00000
vn -0.95030 -0.31130 -0.00000
vn 0.89210 -0.45180 -0.00000
vn 0.38260 -0.92390 -0.00000
vn 0.38270 -0.92390 -0.00000
vn 0.89210 -0.45170 -0.00000
vn 0.63020 0.71730 0.29720
vn 0.63030 0.71730 -0.29710
vn -0.57430 0.76550 -0.29020
vn -0.57430 0.76550 0.29020
vn 0.63020 -0.71730 0.29720
vn -0.68310 -0.66480 0.30240
vn -0.68310 -0.66480 -0.30240
vn 0.63030 -0.71730 -0.29710
vn 0.63030 0.29710 0.71730
vn -0.60340 0.35940 0.71180
vn -0.64860 -0.23530 0.72390
vn 0.63030 -0.29710 0.71730
vn -0.60340 0.35940 0.71180
vn -0.57430 0.76550 0.29020
vn -0.57430 0.76550 -0.29020
vn -0.60340 0.35940 -0.71180
vn -0.64860 -0.23530 -0.72390
vn -0.68310 -0.66480 -0.30240
vn -0.68310 -0.66480 0.30240
vn -0.64860 -0.23530 0.72390
vn -0.60340 0.35940 -0.71180
vn 0.63030 0.29710 -0.71730
vn 0.63030 -0.29710 -0.71730
vn -0.64860 -0.23530 -0.72390
vn 0.63030 0.29710 -0.71730
vn 0.63030 0.71730 -0.29710
vn 0.63020 0.71730 0.29720
vn 0.63030 0.29710 0.71730
vn 0.63030 -0.29710 0.71730
vn 0.63020 -0.71730 0.29720
vn 0.63030 -0.71730 -0.29710
vn 0.63030 -0.29710 -0.71730
vn 0.63030 0.71730 -0.29710
vn 0.63030 0.29710 -0.71730
vn -0.60340 0.35940 -0.71180
vn -0.57430 0.76550 -0.29020
vn -0.57430 0.76550 0.29020
vn -0.60340 0.35940 0.71180
vn 0.63030 0.29710 0.71730
vn 0.63020 0.71730 0.29720
vn 0.63020 -0.71730 0.29720
vn 0.63030 -0.29710 0.71730
vn -0.64860 -0.23530 0.72390
vn -0.68310 -0.66480 0.30240
vn -0.68310 -0.66480 -0.30240
vn -0.64860 -0.23530 -0.72390
vn 0.63030 -0.29710 -0.71730
vn 0.63030 -0.71730 -0.29710
vn -0.64910 -0.23290 -0.72420
vn -0.60220 0.36180 -0.71170
vn 0.63030 0.29710 -0.71720
vn 0.63030 -0.29710 -0.71720
vn -0.64910 -0.23290 0.72420
vn 0.63030 -0.29710 0.71730
vn 0.63030 0.29710 0.71730
vn -0.60220 0.36180 0.71170
vn -0.68500 -0.66270 -0.30250
vn 0.63030 -0.71730 -0.29710
vn 0.63030 -0.71730 0.29710
vn -0.68500 -0.66270 0.30250
vn 0.63030 -0.71730 -0.29710
vn 0.63030 -0.29710 -0.71720
vn 0.63030 0.29710 -0.71720
vn 0.63030 0.71730 -0.29710
vn 0.63030 0.71730 0.29710
vn 0.63030 0.29710 0.71730
vn 0.63030 -0.29710 0.71730
vn 0.63030 -0.71730 0.29710
vn 0.63030 0.71730 -0.29710
vn -0.57210 0.76720 -0.28990
vn -0.57210 0.76720 0.28990
vn 0.63030 0.71730 0.29710
vn -0.57210 0.76720 -0.28990
vn -0.60220 0.36180 -0.71170
vn -0.64910 -0.23290 -0.72420
vn -0.68500 -0.66270 -0.30250
vn -0.68500 -0.66270 0.30250
vn -0.64910 -0.23290 0.72420
vn -0.60220 0.36180 0.71170
vn -0.57210 0.76720 0.28990
vn -0.60220 0.36180 -0.71170
vn -0.57210 0.76720 -0.28990
vn 0.63030 0.71730 -0.29710
vn 0.63030 0.29710 -0.71720
vn 0.63030 -0.29710 -0.71720
vn 0.63030 -0.71730 -0.29710
vn -0.68500 -0.66270 -0.30250
vn -0.64910 -0.23290 -0.72420
vn -0.64910 -0.23290 0.72420
vn -0.68500 -0.66270 0.30250
vn 0.63030 -0.71730 0.29710
vn 0.63030 -0.29710 0.71730
vn 0.63030 0.29710 0.71730
vn 0.63030 0.71730 0.29710
vn -0.57210 0.76720 0.28990
vn -0.60220 0.36180 0.71170
vn -0.75900 -0.57660 0.30250
vn -0.75890 -0.57670 -0.30250
vn -0.32860 -0.60630 -0.72410
vn 0.26620 -0.65010 -0.71170
vn 0.67160 -0.68180 -0.29000
vn 0.67170 -0.68170 0.28990
vn 0.26620 -0.65010 0.71170
vn -0.32860 -0.60630 0.72410
vn -0.34790 -0.03584 0.93684
vn -0.32860 -0.60630 0.72410
vn 0.26620 -0.65010 0.71170
vn 0.41501 -0.02175 0.90956
vn 0.92908 -0.01385 0.36961
vn 0.67170 -0.68170 0.28990
vn 0.67160 -0.68180 -0.29000
vn 0.92911 -0.01395 -0.36953
vn 0.41501 -0.02175 -0.90956
vn 0.26620 -0.65010 -0.71170
vn -0.32860 -0.60630 -0.72410
vn -0.34790 -0.03584 -0.93684
vn -0.91665 -0.04753 -0.39685
vn -0.75890 -0.57670 -0.30250
vn -0.75900 -0.57660 0.30250
vn -0.91665 -0.04752 0.39685
vn -0.91665 -0.04752 0.39685
vn -0.75900 -0.57660 0.30250
vn -0.32860 -0.60630 0.72410
vn -0.34790 -0.03584 0.93684
vn 0.41501 -0.02175 0.90956
vn 0.26620 -0.65010 0.71170
vn 0.67170 -0.68170 0.28990
vn 0.92908 -0.01385 0.36961
vn 0.92911 -0.01395 -0.36953
vn 0.67160 -0.68180 -0.29000
vn 0.26620 -0.65010 -0.71170
vn 0.41501 -0.02175 -0.90956
vn -0.34790 -0.03584 -0.93684
vn -0.32860 -0.60630 -0.72410
vn -0.75890 -0.57670 -0.30250
vn -0.91665 -0.04753 -0.39685
vn -0.29710 -0.63030 0.71730
vn 0.29720 -0.63020 0.71730
vn 0.29710 0.63030 0.71730
vn -0.29710 0.63030 0.71730
vn -0.29710 -0.63030 -0.71730
vn -0.29710 0.63030 -0.71730
vn 0.29710 0.63030 -0.71730
vn 0.29710 -0.63030 -0.71730
vn -0.71730 -0.63030 0.29710
vn -0.71730 -0.63030 -0.29710
vn -0.29710 -0.63030 -0.71730
vn 0.29710 -0.63030 -0.71730
vn 0.71730 -0.63020 -0.29720
vn 0.71730 -0.63030 0.29710
vn 0.29720 -0.63020 0.71730
vn -0.29710 -0.63030 0.71730
vn 0.71730 -0.63030 0.29710
vn 0.71730 -0.63020 -0.29720
vn 0.71730 0.63030 -0.29710
vn 0.71730 0.63020 0.29720
vn 0.71730 0.63020 0.29720
vn 0.71730 0.63030 -0.29710
vn 0.29710 0.63030 -0.71730
vn -0.29710 0.63030 -0.71730
vn -0.71730 0.63030 -0.29710
vn -0.71730 0.63030 0.29710
vn -0.29710 0.63030 0.71730
vn 0.29710 0.63030 0.71730
vn -0.71730 0.63030 0.29710
vn -0.71730 0.63030 -0.29710
vn -0.71730 -0.63030 -0.29710
vn -0.71730 -0.63030 0.29710
vn -0.29710 -0.63030 0.71730
vn -0.29710 0.63030 0.71730
vn -0.71730 0.63030 0.29710
vn -0.71730 -0.63030 0.29710
vn 0.29710 0.63030 0.71730
vn 0.29720 -0.63020 0.71730
vn 0.71730 -0.63030 0.29710
vn 0.71730 0.63020 0.29720
vn 0.29710 -0.63030 -0.71730
vn 0.29710 0.63030 -0.71730
vn 0.71730 0.63030 -0.29710
vn 0.71730 -0.63020 -0.29720
vn -0.29710 0.63030 -0.71730
vn -0.29710 -0.63030 -0.71730
vn -0.71730 -0.63030 -0.29710
vn -0.71730 0.63030 -0.29710
vn 0.71730 -0.29710 -0.63030
vn 0.71730 0.29710 -0.63030
vn 0.71730 0.29710 0.63030
vn 0.71730 -0.29720 0.63020
vn 0.29720 -0.71730 -0.63020
vn -0.29710 -0.71730 -0.63030
vn -0.71730 -0.29710 -0.63030
vn -0.71730 0.29710 -0.63030
vn -0.29710 0.71730 -0.63030
vn 0.29710 0.71730 -0.63030
vn 0.71730 0.29710 -0.63030
vn 0.71730 -0.29710 -0.63030
vn 0.29710 0.71730 -0.63030
vn -0.29710 0.71730 -0.63030
vn -0.29710 0.71730 0.63030
vn 0.29710 0.71730 0.63030
vn 0.71730 -0.29710 -0.63030
vn 0.71730 -0.29720 0.63020
vn 0.29710 -0.71730 0.63030
vn 0.29720 -0.71730 -0.63020
vn -0.71730 0.29710 -0.63030
vn -0.71730 0.29710 0.63030
vn -0.29710 0.71730 0.63030
vn -0.29710 0.71730 -0.63030
vn 0.38270 0.92390 0.00000
vn -0.38270 0.92390 0.00000
vn -0.38270 0.92390 0.00000
vn 0.38270 0.92390 0.00000
vn -0.95030 -0.31130 -0.00000
vn -0.38270 -0.92390 -0.00000
vn -0.38260 -0.92390 -0.00000
vn -0.95030 -0.31140 -0.00000
vn -0.89210 0.45180 0.00000
vn -0.89210 0.45180 0.00000
vn -0.38270 0.92390 0.00000
vn -0.38270 0.92390 0.00000
vn 0.63020 0.71730 -0.29720
vn -0.57430 0.76550 -0.29020
vn -0.57430 0.76550 0.29020
vn 0.63030 0.71730 0.29710
vn 0.63020 -0.71730 -0.29720
vn 0.63030 -0.71730 0.29710
vn -0.68310 -0.66480 0.30240
vn -0.68310 -0.66480 -0.30240
vn 0.63030 0.29710 -0.71730
vn 0.63030 -0.29710 -0.71730
vn -0.64860 -0.23530 -0.72390
vn -0.60340 0.35940 -0.71180
vn -0.60340 0.35940 -0.71180
vn -0.64860 -0.23530 -0.72390
vn -0.68310 -0.66480 -0.30240
vn -0.68310 -0.66480 0.30240
vn -0.64860 -0.23530 0.72390
vn -0.60340 0.35940 0.71180
vn -0.57430 0.76550 0.29020
vn -0.57430 0.76550 -0.29020
vn -0.60340 0.35940 0.71180
vn -0.64860 -0.23530 0.72390
vn 0.63030 -0.29710 0.71730
vn 0.63030 0.29710 0.71730
vn 0.63030 0.29710 0.71730
vn 0.63030 -0.29710 0.71730
vn 0.63030 -0.71730 0.29710
vn 0.63020 -0.71730 -0.29720
vn 0.63030 -0.29710 -0.71730
vn 0.63030 0.29710 -0.71730
vn 0.63020 0.71730 -0.29720
vn 0.63030 0.71730 0.29710
vn 0.63030 0.71730 0.29710
vn -0.57430 0.76550 0.29020
vn -0.60340 0.35940 0.71180
vn 0.63030 0.29710 0.71730
vn -0.57430 0.76550 -0.29020
vn 0.63020 0.71730 -0.29720
vn 0.63030 0.29710 -0.71730
vn -0.60340 0.35940 -0.71180
vn 0.63020 -0.71730 -0.29720
vn -0.68310 -0.66480 -0.30240
vn -0.64860 -0.23530 -0.72390
vn 0.63030 -0.29710 -0.71730
vn -0.68310 -0.66480 0.30240
vn 0.63030 -0.71730 0.29710
vn 0.63030 -0.29710 0.71730
vn -0.64860 -0.23530 0.72390
vn -0.64910 -0.23290 0.72420
vn 0.63030 -0.29710 0.71730
vn 0.63030 0.29710 0.71730
vn -0.60220 0.36180 0.71170
vn -0.64910 -0.23290 -0.72420
vn -0.60220 0.36180 -0.71170
vn 0.63030 0.29710 -0.71730
vn 0.63030 -0.29710 -0.71720
vn -0.68500 -0.66270 0.30250
vn -0.68500 -0.66270 -0.30250
vn 0.63030 -0.71730 -0.29710
vn 0.63030 -0.71730 0.29710
vn 0.63030 -0.71730 0.29710
vn 0.63030 -0.71730 -0.29710
vn 0.63030 -0.29710 -0.71720
vn 0.63030 0.29710 -0.71730
vn 0.63030 0.71730 -0.29710
vn 0.63030 0.71730 0.29710
vn 0.63030 0.29710 0.71730
vn 0.63030 -0.29710 0.71730
vn 0.63030 0.71730 0.29710
vn 0.63030 0.71730 -0.29710
vn -0.57210 0.76720 -0.28990
vn -0.57210 0.76720 0.28990
vn -0.57210 0.76720 0.28990
vn -0.57210 0.76720 -0.28990
vn -0.60220 0.36180 -0.71170
vn -0.64910 -0.23290 -0.72420
vn -0.68500 -0.66270 -0.30250
vn -0.68500 -0.66270 0.30250
vn -0.64910 -0.23290 0.72420
vn -0.60220 0.36180 0.71170
vn -0.60220 0.36180 0.71170
vn 0.63030 0.29710 0.71730
vn 0.63030 0.71730 0.29710
vn -0.57210 0.76720 0.28990
vn 0.63030 -0.29710 0.71730
vn -0.64910 -0.23290 0.72420
vn -0.68500 -0.66270 0.30250
vn 0.63030 -0.71730 0.29710
vn -0.64910 -0.23290 -0.72420
vn 0.63030 -0.29710 -0.71720
vn 0.63030 -0.71730 -0.29710
vn -0.68500 -0.66270 -0.30250
vn 0.63030 0.29710 -0.71730
vn -0.60220 0.36180 -0.71170
vn -0.57210 0.76720 -0.28990
vn 0.63030 0.71730 -0.29710
vn 0.29710 -0.71730 0.63030
vn -0.29710 -0.71730 0.63030
vn -0.29710 -0.71730 -0.63030
vn 0.29720 -0.71730 -0.63020
vn 0.71730 0.29710 -0.63030
vn 0.29710 0.71730 -0.63030
vn 0.29710 0.71730 0.63030
vn 0.71730 0.29710 0.63030
vn 0.38260 -0.92390 -0.00000
vn -0.38260 -0.92390 -0.00000
vn -0.38270 -0.92390 -0.00000
vn 0.38270 -0.92390 -0.00000
vn 0.95030 0.31140 0.00000
vn 0.38270 0.92390 0.00000
vn 0.38270 0.92390 0.00000
vn 0.95030 0.31140 0.00000
vn -0.81420 -0.57700 0.06390
vn -0.81320 -0.57650 0.07980
vn -0.97120 0.22410 0.08050
vn -0.97240 0.22420 0.06450
vn 0.81310 0.57850 -0.06410
vn 0.81210 0.57800 -0.08000
vn 0.97080 -0.22590 -0.08070
vn 0.97200 -0.22600 -0.06470
vn 0.52770 -0.84900 -0.02550
vn 0.52760 -0.84890 -0.03180
vn -0.16890 -0.98510 0.03080
vn -0.16910 -0.98530 0.02470
vn -0.59410 -0.43700 0.67530
vn -0.10280 -0.75050 0.65280
vn 0.43900 -0.65700 0.61290
vn 0.80100 -0.17280 0.57320
vn 0.67530 0.46370 0.57360
vn 0.15630 0.77380 0.61390
vn -0.38010 0.65430 0.65380
vn -0.71540 0.17780 0.67570
vn 0.16530 0.98580 -0.03020
vn 0.16540 0.98590 -0.02420
vn -0.53090 0.84710 0.02590
vn -0.53070 0.84700 0.03240
vn -0.80870 -0.57430 0.12700
vn -0.59410 -0.43700 0.67530
vn -0.71540 0.17780 0.67570
vn -0.96620 0.22370 0.12810
vn -0.81050 -0.57510 0.11140
vn -0.80870 -0.57430 0.12700
vn -0.96620 0.22370 0.12810
vn -0.96810 0.22380 0.11230
vn -0.81190 -0.57590 0.09560
vn -0.81050 -0.57510 0.11140
vn -0.96810 0.22380 0.11230
vn -0.96980 0.22400 0.09650
vn -0.81320 -0.57650 0.07980
vn -0.81190 -0.57590 0.09560
vn -0.96980 0.22400 0.09650
vn -0.97120 0.22410 0.08050
vn -0.97440 0.22430 0.01620
vn -0.97450 0.22440 0.00000
vn -0.81610 -0.57790 -0.00000
vn -0.81600 -0.57780 0.01600
vn -0.97400 0.22430 0.03230
vn -0.97440 0.22430 0.01620
vn -0.81600 -0.57780 0.01600
vn -0.81560 -0.57770 0.03200
vn -0.97330 0.22430 0.04840
vn -0.97400 0.22430 0.03230
vn -0.81560 -0.57770 0.03200
vn -0.81500 -0.57740 0.04800
vn -0.97240 0.22420 0.06450
vn -0.97330 0.22430 0.04840
vn -0.81500 -0.57740 0.04800
vn -0.81420 -0.57700 0.06390
vn 0.80760 0.57580 -0.12730
vn 0.67530 0.46370 0.57360
vn 0.80100 -0.17280 0.57320
vn 0.96580 -0.22540 -0.12840
vn 0.80930 0.57660 -0.11160
vn 0.80760 0.57580 -0.12730
vn 0.96580 -0.22540 -0.12840
vn 0.96770 -0.22560 -0.11260
vn 0.81080 0.57740 -0.09590
vn 0.80930 0.57660 -0.11160
vn 0.96770 -0.22560 -0.11260
vn 0.96940 -0.22570 -0.09670
vn 0.81210 0.57800 -0.08000
vn 0.81080 0.57740 -0.09590
vn 0.96940 -0.22570 -0.09670
vn 0.97080 -0.22590 -0.08070
vn 0.97400 -0.22610 -0.01620
vn 0.97410 -0.22610 0.00000
vn 0.81500 0.57950 -0.00000
vn 0.81490 0.57940 -0.01610
vn 0.97360 -0.22610 -0.03240
vn 0.97400 -0.22610 -0.01620
vn 0.81490 0.57940 -0.01610
vn 0.81450 0.57930 -0.03210
vn 0.97290 -0.22600 -0.04850
vn 0.97360 -0.22610 -0.03240
vn 0.81450 0.57930 -0.03210
vn 0.81390 0.57900 -0.04810
vn 0.97200 -0.22600 -0.06470
vn 0.97290 -0.22600 -0.04850
vn 0.81390 0.57900 -0.04810
vn 0.81310 0.57850 -0.06410
vn 0.52670 -0.84850 -0.05090
vn 0.43900 -0.65700 0.61290
vn -0.10280 -0.75050 0.65280
vn -0.16830 -0.98450 0.04920
vn 0.52700 -0.84870 -0.04450
vn 0.52670 -0.84850 -0.05090
vn -0.16830 -0.98450 0.04920
vn -0.16850 -0.98480 0.04310
vn 0.52730 -0.84880 -0.03820
vn 0.52700 -0.84870 -0.04450
vn -0.16850 -0.98480 0.04310
vn -0.16870 -0.98500 0.03700
vn 0.52760 -0.84890 -0.03180
vn 0.52730 -0.84880 -0.03820
vn -0.16870 -0.98500 0.03700
vn -0.16890 -0.98510 0.03080
vn -0.16930 -0.98550 0.00620
vn -0.16930 -0.98560 -0.00000
vn 0.52810 -0.84920 -0.00000
vn 0.52810 -0.84920 -0.00640
vn -0.16930 -0.98550 0.01230
vn -0.16930 -0.98550 0.00620
vn 0.52810 -0.84920 -0.00640
vn 0.52800 -0.84910 -0.01280
vn -0.16920 -0.98540 0.01850
vn -0.16930 -0.98550 0.01230
vn 0.52800 -0.84910 -0.01280
vn 0.52790 -0.84910 -0.01910
vn -0.16910 -0.98530 0.02470
vn -0.16920 -0.98540 0.01850
vn 0.52790 -0.84910 -0.01910
vn 0.52770 -0.84900 -0.02550
vn 0.16560 0.98620 -0.00610
vn 0.16560 0.98620 -0.00000
vn -0.53120 0.84720 -0.00000
vn -0.53120 0.84720 0.00650
vn 0.16560 0.98610 -0.01210
vn 0.16560 0.98620 -0.00610
vn -0.53120 0.84720 0.00650
vn -0.53120 0.84720 0.01300
vn 0.16550 0.98600 -0.01820
vn 0.16560 0.98610 -0.01210
vn -0.53120 0.84720 0.01300
vn -0.53100 0.84710 0.01950
vn 0.16540 0.98590 -0.02420
vn 0.16550 0.98600 -0.01820
vn -0.53100 0.84710 0.01950
vn -0.53090 0.84710 0.02590
vn -0.52980 0.84660 0.05170
vn -0.38010 0.65430 0.65380
vn 0.15630 0.77380 0.61390
vn 0.16470 0.98520 -0.04830
vn -0.53010 0.84670 0.04530
vn -0.52980 0.84660 0.05170
vn 0.16470 0.98520 -0.04830
vn 0.16490 0.98540 -0.04230
vn -0.53040 0.84680 0.03890
vn -0.53010 0.84670 0.04530
vn 0.16490 0.98540 -0.04230
vn 0.16510 0.98560 -0.03630
vn -0.53070 0.84700 0.03240
vn -0.53040 0.84680 0.03890
vn 0.16510 0.98560 -0.03630
vn 0.16530 0.98580 -0.03020
vn -0.81610 -0.57790 -0.00000
vn -0.16930 -0.98560 -0.00000
vn -0.16930 -0.98550 0.00620
vn -0.81600 -0.57780 0.01600
vn -0.71540 0.17780 0.67570
vn -0.38010 0.65430 0.65380
vn -0.52980 0.84660 0.05170
vn -0.96620 0.22370 0.12810
vn 0.81500 0.57950 -0.00000
vn 0.16560 0.98620 -0.00000
vn 0.16560 0.98620 -0.00610
vn 0.81490 0.57940 -0.01610
vn 0.80100 -0.17280 0.57320
vn 0.43900 -0.65700 0.61290
vn 0.52670 -0.84850 -0.05090
vn 0.96580 -0.22540 -0.12840
vn -0.81600 -0.57780 0.01600
vn -0.16930 -0.98550 0.00620
vn -0.16930 -0.98550 0.01230
vn -0.81560 -0.57770 0.03200
vn -0.81560 -0.57770 0.03200
vn -0.16930 -0.98550 0.01230
vn -0.16920 -0.98540 0.01850
vn -0.81500 -0.57740 0.04800
vn -0.81500 -0.57740 0.04800
vn -0.16920 -0.98540 0.01850
vn -0.16910 -0.98530 0.02470
vn -0.81420 -0.57700 0.06390
vn -0.81420 -0.57700 0.06390
vn -0.16910 -0.98530 0.02470
vn -0.16890 -0.98510 0.03080
vn -0.81320 -0.57650 0.07980
vn -0.81320 -0.57650 0.07980
vn -0.16890 -0.98510 0.03080
vn -0.16870 -0.98500 0.03700
vn -0.81190 -0.57590 0.09560
vn -0.81190 -0.57590 0.09560
vn -0.16870 -0.98500 0.03700
vn -0.16850 -0.98480 0.04310
vn -0.81050 -0.57510 0.11140
vn -0.81050 -0.57510 0.11140
vn -0.16850 -0.98480 0.04310
vn -0.16830 -0.98450 0.04920
vn -0.80870 -0.57430 0.12700
vn -0.80870 -0.57430 0.12700
vn -0.16830 -0.98450 0.04920
vn -0.10280 -0.75050 0.65280
vn -0.59410 -0.43700 0.67530
vn -0.96620 0.22370 0.12810
vn -0.52980 0.84660 0.05170
vn -0.53010 0.84670 0.04530
vn -0.96810 0.22380 0.11230
vn -0.96810 0.22380 0.11230
vn -0.53010 0.84670 0.04530
vn -0.53040 0.84680 0.03890
vn -0.96980 0.22400 0.09650
vn -0.96980 0.22400 0.09650
vn -0.53040 0.84680 0.03890
vn -0.53070 0.84700 0.03240
vn -0.97120 0.22410 0.08050
vn -0.97120 0.22410 0.08050
vn -0.53070 0.84700 0.03240
vn -0.53090 0.84710 0.02590
vn -0.97240 0.22420 0.06450
vn -0.97240 0.22420 0.06450
vn -0.53090 0.84710 0.02590
vn -0.53100 0.84710 0.01950
vn -0.97330 0.22430 0.04840
vn -0.97330 0.22430 0.04840
vn -0.53100 0.84710 0.01950
vn -0.53120 0.84720 0.01300
vn -0.97400 0.22430 0.03230
vn -0.97400 0.22430 0.03230
vn -0.53120 0.84720 0.01300
vn -0.53120 0.84720 0.00650
vn -0.97440 0.22430 0.01620
vn -0.97440 0.22430 0.01620
vn -0.53120 0.84720 0.00650
vn -0.53120 0.84720 -0.00000
vn -0.97450 0.22440 0.00000
vn 0.81490 0.57940 -0.01610
vn 0.16560 0.98620 -0.00610
vn 0.16560 0.98610 -0.01210
vn 0.81450 0.57930 -0.03210
vn 0.81450 0.57930 -0.03210
vn 0.16560 0.98610 -0.01210
vn 0.16550 0.98600 -0.01820
vn 0.81390 0.57900 -0.04810
vn 0.81390 0.57900 -0.04810
vn 0.16550 0.98600 -0.01820
vn 0.16540 0.98590 -0.02420
vn 0.81310 0.57850 -0.06410
vn 0.81310 0.57850 -0.06410
vn 0.16540 0.98590 -0.02420
vn 0.16530 0.98580 -0.03020
vn 0.81210 0.57800 -0.08000
vn 0.81210 0.57800 -0.08000
vn 0.16530 0.98580 -0.03020
vn 0.16510 0.98560 -0.03630
vn 0.81080 0.57740 -0.09590
vn 0.81080 0.57740 -0.09590
vn 0.16510 0.98560 -0.03630
vn 0.16490 0.98540 -0.04230
vn 0.80930 0.57660 -0.11160
vn 0.80930 0.57660 -0.11160
vn 0.16490 0.98540 -0.04230
vn 0.16470 0.98520 -0.04830
vn 0.80760 0.57580 -0.12730
vn 0.80760 0.57580 -0.12730
vn 0.16470 0.98520 -0.04830
vn 0.15630 0.77380 0.61390
vn 0.67530 0.46370 0.57360
vn 0.96580 -0.22540 -0.12840
vn 0.52670 -0.84850 -0.05090
vn 0.52700 -0.84870 -0.04450
vn 0.96770 -0.22560 -0.11260
vn 0.96770 -0.22560 -0.11260
vn 0.52700 -0.84870 -0.04450
vn 0.52730 -0.84880 -0.03820
vn 0.96940 -0.22570 -0.09670
vn 0.96940 -0.22570 -0.09670
vn 0.52730 -0.84880 -0.03820
vn 0.52760 -0.84890 -0.03180
vn 0.97080 -0.22590 -0.08070
vn 0.97080 -0.22590 -0.08070
vn 0.52760 -0.84890 -0.03180
vn 0.52770 -0.84900 -0.02550
vn 0.97200 -0.22600 -0.06470
vn 0.97200 -0.22600 -0.06470
vn 0.52770 -0.84900 -0.02550
vn 0.52790 -0.84910 -0.01910
vn 0.97290 -0.22600 -0.04850
vn 0.97290 -0.22600 -0.04850
vn 0.52790 -0.84910 -0.01910
vn 0.52800 -0.84910 -0.01280
vn 0.97360 -0.22610 -0.03240
vn 0.97360 -0.22610 -0.03240
vn 0.52800 -0.84910 -0.01280
vn 0.52810 -0.84920 -0.00640
vn 0.97400 -0.22610 -0.01620
vn 0.97400 -0.22610 -0.01620
vn 0.52810 -0.84920 -0.00640
vn 0.52810 -0.84920 -0.00000
vn 0.97410 -0.22610 0.00000
vn -0.81450 -0.57720 0.05790
vn -0.81370 -0.57680 0.07230
vn -0.97190 0.22420 0.07240
vn -0.97280 0.22430 0.05800
vn 0.81350 0.57860 -0.05810
vn 0.81270 0.57820 -0.07250
vn 0.97150 -0.22590 -0.07250
vn 0.97240 -0.22590 -0.05810
vn 0.52800 -0.84900 -0.02250
vn 0.52780 -0.84890 -0.02810
vn -0.16880 -0.98520 0.02850
vn -0.16890 -0.98540 0.02280
vn -0.59830 -0.43830 0.67080
vn -0.10540 -0.75110 0.65170
vn 0.43590 -0.65650 0.61560
vn 0.79710 -0.17280 0.57860
vn 0.67170 0.46280 0.57850
vn 0.15370 0.77290 0.61570
vn -0.38300 0.65470 0.65170
vn -0.72000 0.17790 0.67080
vn 0.16550 0.98580 -0.02800
vn 0.16560 0.98590 -0.02240
vn -0.53080 0.84720 0.02280
vn -0.53060 0.84710 0.02850
vn -0.81000 -0.57500 0.11520
vn -0.59830 -0.43830 0.67080
vn -0.72000 0.17790 0.67080
vn -0.96780 0.22390 0.11530
vn -0.81140 -0.57570 0.10100
vn -0.81000 -0.57500 0.11520
vn -0.96780 0.22390 0.11530
vn -0.96930 0.22400 0.10100
vn -0.81260 -0.57630 0.08670
vn -0.81140 -0.57570 0.10100
vn -0.96930 0.22400 0.10100
vn -0.97070 0.22410 0.08670
vn -0.81370 -0.57680 0.07230
vn -0.81260 -0.57630 0.08670
vn -0.97070 0.22410 0.08670
vn -0.97190 0.22420 0.07240
vn -0.97440 0.22440 0.01450
vn -0.97450 0.22440 0.00000
vn -0.81600 -0.57800 0.00000
vn -0.81590 -0.57800 0.01450
vn -0.97410 0.22440 0.02900
vn -0.97440 0.22440 0.01450
vn -0.81590 -0.57800 0.01450
vn -0.81570 -0.57780 0.02900
vn -0.97350 0.22430 0.04350
vn -0.97410 0.22440 0.02900
vn -0.81570 -0.57780 0.02900
vn -0.81520 -0.57760 0.04350
vn -0.97280 0.22430 0.05800
vn -0.97350 0.22430 0.04350
vn -0.81520 -0.57760 0.04350
vn -0.81450 -0.57720 0.05790
vn 0.80900 0.57630 -0.11550
vn 0.67170 0.46280 0.57850
vn 0.79710 -0.17280 0.57860
vn 0.96740 -0.22550 -0.11550
vn 0.81040 0.57700 -0.10120
vn 0.80900 0.57630 -0.11550
vn 0.96740 -0.22550 -0.11550
vn 0.96890 -0.22560 -0.10130
vn 0.81160 0.57760 -0.08690
vn 0.81040 0.57700 -0.10120
vn 0.96890 -0.22560 -0.10130
vn 0.97030 -0.22570 -0.08690
vn 0.81270 0.57820 -0.07250
vn 0.81160 0.57760 -0.08690
vn 0.97030 -0.22570 -0.08690
vn 0.97150 -0.22590 -0.07250
vn 0.97400 -0.22610 -0.01450
vn 0.97410 -0.22610 0.00000
vn 0.81500 0.57940 0.00000
vn 0.81500 0.57930 -0.01450
vn 0.97370 -0.22600 -0.02910
vn 0.97400 -0.22610 -0.01450
vn 0.81500 0.57930 -0.01450
vn 0.81470 0.57920 -0.02910
vn 0.97320 -0.22600 -0.04360
vn 0.97370 -0.22600 -0.02910
vn 0.81470 0.57920 -0.02910
vn 0.81420 0.57900 -0.04360
vn 0.97240 -0.22590 -0.05810
vn 0.97320 -0.22600 -0.04360
vn 0.81420 0.57900 -0.04360
vn 0.81350 0.57860 -0.05810
vn 0.52720 -0.84860 -0.04480
vn 0.43590 -0.65650 0.61560
vn -0.10540 -0.75110 0.65170
vn -0.16830 -0.98470 0.04550
vn 0.52740 -0.84870 -0.03920
vn 0.52720 -0.84860 -0.04480
vn -0.16830 -0.98470 0.04550
vn -0.16850 -0.98490 0.03980
vn 0.52760 -0.84880 -0.03370
vn 0.52740 -0.84870 -0.03920
vn -0.16850 -0.98490 0.03980
vn -0.16860 -0.98510 0.03410
vn 0.52780 -0.84890 -0.02810
vn 0.52760 -0.84880 -0.03370
vn -0.16860 -0.98510 0.03410
vn -0.16880 -0.98520 0.02850
vn -0.16910 -0.98560 0.00570
vn -0.16910 -0.98560 -0.00000
vn 0.52820 -0.84910 0.00000
vn 0.52820 -0.84910 -0.00560
vn -0.16910 -0.98550 0.01140
vn -0.16910 -0.98560 0.00570
vn 0.52820 -0.84910 -0.00560
vn 0.52820 -0.84910 -0.01120
vn -0.16900 -0.98550 0.01710
vn -0.16910 -0.98550 0.01140
vn 0.52820 -0.84910 -0.01120
vn 0.52810 -0.84900 -0.01690
vn -0.16890 -0.98540 0.02280
vn -0.16900 -0.98550 0.01710
vn 0.52810 -0.84900 -0.01690
vn 0.52800 -0.84900 -0.02250
vn 0.16580 0.98610 -0.00560
vn 0.16580 0.98620 0.00000
vn -0.53110 0.84730 -0.00000
vn -0.53110 0.84730 0.00570
vn 0.16580 0.98610 -0.01120
vn 0.16580 0.98610 -0.00560
vn -0.53110 0.84730 0.00570
vn -0.53100 0.84730 0.01140
vn 0.16570 0.98600 -0.01680
vn 0.16580 0.98610 -0.01120
vn -0.53100 0.84730 0.01140
vn -0.53090 0.84720 0.01710
vn 0.16560 0.98590 -0.02240
vn 0.16570 0.98600 -0.01680
vn -0.53090 0.84720 0.01710
vn -0.53080 0.84720 0.02280
vn -0.52990 0.84680 0.04560
vn -0.38300 0.65470 0.65170
vn 0.15370 0.77290 0.61570
vn 0.16500 0.98530 -0.04470
vn -0.53020 0.84690 0.03990
vn -0.52990 0.84680 0.04560
vn 0.16500 0.98530 -0.04470
vn 0.16520 0.98550 -0.03920
vn -0.53040 0.84700 0.03420
vn -0.53020 0.84690 0.03990
vn 0.16520 0.98550 -0.03920
vn 0.16540 0.98570 -0.03360
vn -0.53060 0.84710 0.02850
vn -0.53040 0.84700 0.03420
vn 0.16540 0.98570 -0.03360
vn 0.16550 0.98580 -0.02800
vn -0.81600 -0.57800 0.00000
vn -0.16910 -0.98560 -0.00000
vn -0.16910 -0.98560 0.00570
vn -0.81590 -0.57800 0.01450
vn -0.72000 0.17790 0.67080
vn -0.38300 0.65470 0.65170
vn -0.52990 0.84680 0.04560
vn -0.96780 0.22390 0.11530
vn 0.81500 0.57940 0.00000
vn 0.16580 0.98620 0.00000
vn 0.16580 0.98610 -0.00560
vn 0.81500 0.57930 -0.01450
vn 0.79710 -0.17280 0.57860
vn 0.43590 -0.65650 0.61560
vn 0.52720 -0.84860 -0.04480
vn 0.96740 -0.22550 -0.11550
vn -0.81590 -0.57800 0.01450
vn -0.16910 -0.98560 0.00570
vn -0.16910 -0.98550 0.01140
vn -0.81570 -0.57780 0.02900
vn -0.81570 -0.57780 0.02900
vn -0.16910 -0.98550 0.01140
vn -0.16900 -0.98550 0.01710
vn -0.81520 -0.57760 0.04350
vn -0.81520 -0.57760 0.04350
vn -0.16900 -0.98550 0.01710
vn -0.16890 -0.98540 0.02280
vn -0.81450 -0.57720 0.05790
vn -0.81450 -0.57720 0.05790
vn -0.16890 -0.98540 0.02280
vn -0.16880 -0.98520 0.02850
vn -0.81370 -0.57680 0.07230
vn -0.81370 -0.57680 0.07230
vn -0.16880 -0.98520 0.02850
vn -0.16860 -0.98510 0.03410
vn -0.81260 -0.57630 0.08670
vn -0.81260 -0.57630 0.08670
vn -0.16860 -0.98510 0.03410
vn -0.16850 -0.98490 0.03980
vn -0.81140 -0.57570 0.10100
vn -0.81140 -0.57570 0.10100
vn -0.16850 -0.98490 0.03980
vn -0.16830 -0.98470 0.04550
vn -0.81000 -0.57500 0.11520
vn -0.81000 -0.57500 0.11520
vn -0.16830 -0.98470 0.04550
vn -0.10540 -0.75110 0.65170
vn -0.59830 -0.43830 0.67080
vn -0.96780 0.22390 0.11530
vn -0.52990 0.84680 0.04560
vn -0.53020 0.84690 0.03990
vn -0.96930 0.22400 0.10100
vn -0.96930 0.22400 0.10100
vn -0.53020 0.84690 0.03990
vn -0.53040 0.84700 0.03420
vn -0.97070 0.22410 0.08670
vn -0.97070 0.22410 0.08670
vn -0.53040 0.84700 0.03420
vn -0.53060 0.84710 0.02850
vn -0.97190 0.22420 0.07240
vn -0.97190 0.22420 0.07240
vn -0.53060 0.84710 0.02850
vn -0.53080 0.84720 0.02280
vn -0.97280 0.22430 0.05800
vn -0.97280 0.22430 0.05800
vn -0.53080 0.84720 0.02280
vn -0.53090 0.84720 0.01710
vn -0.97350 0.22430 0.04350
vn -0.97350 0.22430 0.04350
vn -0.53090 0.84720 0.01710
vn -0.53100 0.84730 0.01140
vn -0.97410 0.22440 0.02900
vn -0.97410 0.22440 0.02900
vn -0.53100 0.84730 0.01140
vn -0.53110 0.84730 0.00570
vn -0.97440 0.22440 0.01450
vn -0.97440 0.22440 0.01450
vn -0.53110 0.84730 0.00570
vn -0.53110 0.84730 -0.00000
vn -0.97450 0.22440 0.00000
vn 0.81500 0.57930 -0.01450
vn 0.16580 0.98610 -0.00560
vn 0.16580 0.98610 -0.01120
vn 0.81470 0.57920 -0.02910
vn 0.81470 0.57920 -0.02910
vn 0.16580 0.98610 -0.01120
vn 0.16570 0.98600 -0.01680
vn 0.81420 0.57900 -0.04360
vn 0.81420 0.57900 -0.04360
vn 0.16570 0.98600 -0.01680
vn 0.16560 0.98590 -0.02240
vn 0.81350 0.57860 -0.05810
vn 0.81350 0.57860 -0.05810
vn 0.16560 0.98590 -0.02240
vn 0.16550 0.98580 -0.02800
vn 0.81270 0.57820 -0.07250
vn 0.81270 0.57820 -0.07250
vn 0.16550 0.98580 -0.02800
vn 0.16540 0.98570 -0.03360
vn 0.81160 0.57760 -0.08690
vn 0.81160 0.57760 -0.08690
vn 0.16540 0.98570 -0.03360
vn 0.16520 0.98550 -0.03920
vn 0.81040 0.57700 -0.10120
vn 0.81040 0.57700 -0.10120
vn 0.16520 0.98550 -0.03920
vn 0.16500 0.98530 -0.04470
vn 0.80900 0.57630 -0.11550
vn 0.80900 0.57630 -0.11550
vn 0.16500 0.98530 -0.04470
vn 0.15370 0.77290 0.61570
vn 0.67170 0.46280 0.57850
vn 0.96740 -0.22550 -0.11550
vn 0.52720 -0.84860 -0.04480
vn 0.52740 -0.84870 -0.03920
vn 0.96890 -0.22560 -0.10130
vn 0.96890 -0.22560 -0.10130
vn 0.52740 -0.84870 -0.03920
vn 0.52760 -0.84880 -0.03370
vn 0.97030 -0.22570 -0.08690
vn 0.97030 -0.22570 -0.08690
vn 0.52760 -0.84880 -0.03370
vn 0.52780 -0.84890 -0.02810
vn 0.97150 -0.22590 -0.07250
vn 0.97150 -0.22590 -0.07250
vn 0.52780 -0.84890 -0.02810
vn 0.52800 -0.84900 -0.02250
vn 0.97240 -0.22590 -0.05810
vn 0.97240 -0.22590 -0.05810
vn 0.52800 -0.84900 -0.02250
vn 0.52810 -0.84900 -0.01690
vn 0.97320 -0.22600 -0.04360
vn 0.97320 -0.22600 -0.04360
vn 0.52810 -0.84900 -0.01690
vn 0.52820 -0.84910 -0.01120
vn 0.97370 -0.22600 -0.02910
vn 0.97370 -0.22600 -0.02910
vn 0.52820 -0.84910 -0.01120
vn 0.52820 -0.84910 -0.00560
vn 0.97400 -0.22610 -0.01450
vn 0.97400 -0.22610 -0.01450
vn 0.52820 -0.84910 -0.00560
vn 0.52820 -0.84910 0.00000
vn 0.97410 -0.22610 0.00000
vn -0.34550 -0.00700 -0.93840
vn -0.40130 0.26890 -0.87560
vn 0.26880 0.40140 -0.87560
vn 0.41750 0.00990 -0.90860
vn -0.34550 -0.00700 0.93840
vn 0.41750 0.00990 0.90860
vn 0.26890 0.40130 0.87560
vn -0.40130 0.26890 0.87560
vn 0.92940 0.01970 -0.36860
vn 0.79280 0.50480 -0.34160
vn 0.79280 0.50480 0.34160
vn 0.92940 0.01960 0.36850
vn 0.16540 0.92520 -0.34160
vn -0.50480 0.79280 -0.34160
vn -0.50480 0.79280 0.34160
vn 0.16540 0.92520 0.34160
vn -0.92520 0.16550 -0.34160
vn -0.91700 -0.02070 -0.39830
vn -0.91700 -0.02070 0.39830
vn -0.92520 0.16550 0.34160
vn -0.34550 -0.00700 -0.93840
vn 0.41750 0.00990 -0.90860
vn 0.41501 -0.02175 -0.90956
vn -0.34790 -0.03584 -0.93684
vn 0.92940 0.01970 -0.36860
vn 0.92940 0.01960 0.36850
vn 0.92912 -0.01395 0.36952
vn 0.92908 -0.01385 -0.36961
vn 0.41750 0.00990 0.90860
vn -0.34550 -0.00700 0.93840
vn -0.34790 -0.03584 0.93684
vn 0.41501 -0.02175 0.90956
vn -0.91700 -0.02070 0.39830
vn -0.91700 -0.02070 -0.39830
vn -0.91665 -0.04753 -0.39685
vn -0.91665 -0.04752 0.39685
vn -0.92520 0.16550 -0.34160
vn -0.50480 0.79280 -0.34160
vn -0.40130 0.26890 -0.87560
vn 0.26880 0.40140 -0.87560
vn 0.16540 0.92520 -0.34160
vn 0.79280 0.50480 -0.34160
vn -0.92520 0.16550 0.34160
vn -0.40130 0.26890 0.87560
vn -0.50480 0.79280 0.34160
vn 0.16540 0.92520 0.34160
vn 0.26890 0.40130 0.87560
vn 0.79280 0.50480 0.34160
vn -0.34550 -0.00700 -0.93840
vn -0.91700 -0.02070 -0.39830
vn -0.92520 0.16550 -0.34160
vn -0.40130 0.26890 -0.87560
vn -0.40130 0.26890 -0.87560
vn -0.50480 0.79280 -0.34160
vn 0.16540 0.92520 -0.34160
vn 0.26880 0.40140 -0.87560
vn 0.26880 0.40140 -0.87560
vn 0.79280 0.50480 -0.34160
vn 0.92940 0.01970 -0.36860
vn 0.41750 0.00990 -0.90860
vn 0.41750 0.00990 0.90860
vn 0.92940 0.01960 0.36850
vn 0.79280 0.50480 0.34160
vn 0.26890 0.40130 0.87560
vn 0.26890 0.40130 0.87560
vn 0.16540 0.92520 0.34160
vn -0.50480 0.79280 0.34160
vn -0.40130 0.26890 0.87560
vn -0.40130 0.26890 0.87560
vn -0.92520 0.16550 0.34160
vn -0.91700 -0.02070 0.39830
vn -0.34550 -0.00700 0.93840
vn 0.79280 0.50480 -0.34160
vn 0.16540 0.92520 -0.34160
vn 0.16540 0.92520 0.34160
vn 0.79280 0.50480 0.34160
vn -0.50480 0.79280 -0.34160
vn -0.92520 0.16550 -0.34160
vn -0.92520 0.16550 0.34160
vn -0.50480 0.79280 0.34160
vn -0.91700 -0.02070 -0.39830
vn -0.34550 -0.00700 -0.93840
vn -0.34790 -0.03584 -0.93684
vn -0.91665 -0.04753 -0.39685
vn 0.41750 0.00990 -0.90860
vn 0.92940 0.01970 -0.36860
vn 0.92908 -0.01385 -0.36961
vn 0.41501 -0.02175 -0.90956
vn 0.92940 0.01960 0.36850
vn 0.41750 0.00990 0.90860
vn 0.41501 -0.02175 0.90956
vn 0.92912 -0.01395 0.36952
vn -0.34550 -0.00700 0.93840
vn -0.91700 -0.02070 0.39830
vn -0.91665 -0.04752 0.39685
vn -0.34790 -0.03584 0.93684
vn -0.81420 -0.57700 -0.06390
vn -0.97240 0.22420 -0.06450
vn -0.97120 0.22410 -0.08050
vn -0.81320 -0.57650 -0.07980
vn 0.81310 0.57850 0.06410
vn 0.97200 -0.22600 0.06470
vn 0.97080 -0.22590 0.08070
vn 0.81210 0.57800 0.08000
vn 0.52770 -0.84900 0.02550
vn -0.16910 -0.98530 -0.02470
vn -0.16890 -0.98510 -0.03080
vn 0.52760 -0.84890 0.03180
vn -0.59410 -0.43700 -0.67530
vn -0.71540 0.17780 -0.67570
vn -0.38010 0.65430 -0.65380
vn 0.15630 0.77380 -0.61390
vn 0.67530 0.46370 -0.57360
vn 0.80100 -0.17280 -0.57320
vn 0.43900 -0.65700 -0.61290
vn -0.10280 -0.75050 -0.65280
vn 0.16530 0.98580 0.03020
vn -0.53070 0.84700 -0.03240
vn -0.53090 0.84710 -0.02590
vn 0.16540 0.98590 0.02420
vn -0.80870 -0.57430 -0.12700
vn -0.96620 0.22370 -0.12810
vn -0.71540 0.17780 -0.67570
vn -0.59410 -0.43700 -0.67530
vn -0.81050 -0.57510 -0.11140
vn -0.96810 0.22380 -0.11230
vn -0.96620 0.22370 -0.12810
vn -0.80870 -0.57430 -0.12700
vn -0.81190 -0.57590 -0.09560
vn -0.96980 0.22400 -0.09650
vn -0.96810 0.22380 -0.11230
vn -0.81050 -0.57510 -0.11140
vn -0.81320 -0.57650 -0.07980
vn -0.97120 0.22410 -0.08050
vn -0.96980 0.22400 -0.09650
vn -0.81190 -0.57590 -0.09560
vn -0.97440 0.22430 -0.01620
vn -0.81600 -0.57780 -0.01600
vn -0.81610 -0.57790 -0.00000
vn -0.97450 0.22440 0.00000
vn -0.97400 0.22430 -0.03230
vn -0.81560 -0.57770 -0.03200
vn -0.81600 -0.57780 -0.01600
vn -0.97440 0.22430 -0.01620
vn -0.97330 0.22430 -0.04840
vn -0.81510 -0.57740 -0.04800
vn -0.81560 -0.57770 -0.03200
vn -0.97400 0.22430 -0.03230
vn -0.97240 0.22420 -0.06450
vn -0.81420 -0.57700 -0.06390
vn -0.81510 -0.57740 -0.04800
vn -0.97330 0.22430 -0.04840
vn 0.80760 0.57580 0.12730
vn 0.96580 -0.22540 0.12840
vn 0.80100 -0.17280 -0.57320
vn 0.67530 0.46370 -0.57360
vn 0.80930 0.57660 0.11160
vn 0.96770 -0.22560 0.11260
vn 0.96580 -0.22540 0.12840
vn 0.80760 0.57580 0.12730
vn 0.81080 0.57740 0.09590
vn 0.96940 -0.22570 0.09670
vn 0.96770 -0.22560 0.11260
vn 0.80930 0.57660 0.11160
vn 0.81210 0.57800 0.08000
vn 0.97080 -0.22590 0.08070
vn 0.96940 -0.22570 0.09670
vn 0.81080 0.57740 0.09590
vn 0.97400 -0.22610 0.01620
vn 0.81490 0.57940 0.01610
vn 0.81500 0.57950 -0.00000
vn 0.97410 -0.22610 0.00000
vn 0.97360 -0.22610 0.03240
vn 0.81450 0.57930 0.03210
vn 0.81490 0.57940 0.01610
vn 0.97400 -0.22610 0.01620
vn 0.97290 -0.22600 0.04850
vn 0.81390 0.57900 0.04810
vn 0.81450 0.57930 0.03210
vn 0.97360 -0.22610 0.03240
vn 0.97200 -0.22600 0.06470
vn 0.81310 0.57850 0.06410
vn 0.81390 0.57900 0.04810
vn 0.97290 -0.22600 0.04850
vn 0.52670 -0.84850 0.05090
vn -0.16830 -0.98450 -0.04920
vn -0.10280 -0.75050 -0.65280
vn 0.43900 -0.65700 -0.61290
vn 0.52700 -0.84870 0.04450
vn -0.16850 -0.98480 -0.04310
vn -0.16830 -0.98450 -0.04920
vn 0.52670 -0.84850 0.05090
vn 0.52730 -0.84880 0.03820
vn -0.16870 -0.98500 -0.03700
vn -0.16850 -0.98480 -0.04310
vn 0.52700 -0.84870 0.04450
vn 0.52760 -0.84890 0.03180
vn -0.16890 -0.98510 -0.03080
vn -0.16870 -0.98500 -0.03700
vn 0.52730 -0.84880 0.03820
vn -0.16930 -0.98550 -0.00620
vn 0.52810 -0.84920 0.00640
vn 0.52810 -0.84920 -0.00000
vn -0.16930 -0.98560 -0.00000
vn -0.16930 -0.98550 -0.01230
vn 0.52800 -0.84910 0.01280
vn 0.52810 -0.84920 0.00640
vn -0.16930 -0.98550 -0.00620
vn -0.16920 -0.98540 -0.01850
vn 0.52790 -0.84910 0.01910
vn 0.52800 -0.84910 0.01280
vn -0.16930 -0.98550 -0.01230
vn -0.16910 -0.98530 -0.02470
vn 0.52770 -0.84900 0.02550
vn 0.52790 -0.84910 0.01910
vn -0.16920 -0.98540 -0.01850
vn 0.16560 0.98620 0.00610
vn -0.53120 0.84720 -0.00650
vn -0.53120 0.84720 -0.00000
vn 0.16560 0.98620 -0.00000
vn 0.16560 0.98610 0.01210
vn -0.53120 0.84720 -0.01300
vn -0.53120 0.84720 -0.00650
vn 0.16560 0.98620 0.00610
vn 0.16550 0.98600 0.01820
vn -0.53100 0.84710 -0.01950
vn -0.53120 0.84720 -0.01300
vn 0.16560 0.98610 0.01210
vn 0.16540 0.98590 0.02420
vn -0.53090 0.84710 -0.02590
vn -0.53100 0.84710 -0.01950
vn 0.16550 0.98600 0.01820
vn -0.52980 0.84660 -0.05170
vn 0.16470 0.98520 0.04830
vn 0.15630 0.77380 -0.61390
vn -0.38010 0.65430 -0.65380
vn -0.53010 0.84670 -0.04530
vn 0.16490 0.98540 0.04230
vn 0.16470 0.98520 0.04830
vn -0.52980 0.84660 -0.05170
vn -0.53040 0.84680 -0.03890
vn 0.16510 0.98560 0.03630
vn 0.16490 0.98540 0.04230
vn -0.53010 0.84670 -0.04530
vn -0.53070 0.84700 -0.03240
vn 0.16530 0.98580 0.03020
vn 0.16510 0.98560 0.03630
vn -0.53040 0.84680 -0.03890
vn -0.81610 -0.57790 -0.00000
vn -0.81600 -0.57780 -0.01600
vn -0.16930 -0.98550 -0.00620
vn -0.16930 -0.98560 -0.00000
vn -0.71540 0.17780 -0.67570
vn -0.96620 0.22370 -0.12810
vn -0.52980 0.84660 -0.05170
vn -0.38010 0.65430 -0.65380
vn 0.81500 0.57950 -0.00000
vn 0.81490 0.57940 0.01610
vn 0.16560 0.98620 0.00610
vn 0.16560 0.98620 -0.00000
vn 0.80100 -0.17280 -0.57320
vn 0.96580 -0.22540 0.12840
vn 0.52670 -0.84850 0.05090
vn 0.43900 -0.65700 -0.61290
vn -0.81600 -0.57780 -0.01600
vn -0.81560 -0.57770 -0.03200
vn -0.16930 -0.98550 -0.01230
vn -0.16930 -0.98550 -0.00620
vn -0.81560 -0.57770 -0.03200
vn -0.81510 -0.57740 -0.04800
vn -0.16920 -0.98540 -0.01850
vn -0.16930 -0.98550 -0.01230
vn -0.81510 -0.57740 -0.04800
vn -0.81420 -0.57700 -0.06390
vn -0.16910 -0.98530 -0.02470
vn -0.16920 -0.98540 -0.01850
vn -0.81420 -0.57700 -0.06390
vn -0.81320 -0.57650 -0.07980
vn -0.16890 -0.98510 -0.03080
vn -0.16910 -0.98530 -0.02470
vn -0.81320 -0.57650 -0.07980
vn -0.81190 -0.57590 -0.09560
vn -0.16870 -0.98500 -0.03700
vn -0.16890 -0.98510 -0.03080
vn -0.81190 -0.57590 -0.09560
vn -0.81050 -0.57510 -0.11140
vn -0.16850 -0.98480 -0.04310
vn -0.16870 -0.98500 -0.03700
vn -0.81050 -0.57510 -0.11140
vn -0.80870 -0.57430 -0.12700
vn -0.16830 -0.98450 -0.04920
vn -0.16850 -0.98480 -0.04310
vn -0.80870 -0.57430 -0.12700
vn -0.59410 -0.43700 -0.67530
vn -0.10280 -0.75050 -0.65280
vn -0.16830 -0.98450 -0.04920
vn -0.96620 0.22370 -0.12810
vn -0.96810 0.22380 -0.11230
vn -0.53010 0.84670 -0.04530
vn -0.52980 0.84660 -0.05170
vn -0.96810 0.22380 -0.11230
vn -0.96980 0.22400 -0.09650
vn -0.53040 0.84680 -0.03890
vn -0.53010 0.84670 -0.04530
vn -0.96980 0.22400 -0.09650
vn -0.97120 0.22410 -0.08050
vn -0.53070 0.84700 -0.03240
vn -0.53040 0.84680 -0.03890
vn -0.97120 0.22410 -0.08050
vn -0.97240 0.22420 -0.06450
vn -0.53090 0.84710 -0.02590
vn -0.53070 0.84700 -0.03240
vn -0.97240 0.22420 -0.06450
vn -0.97330 0.22430 -0.04840
vn -0.53100 0.84710 -0.01950
vn -0.53090 0.84710 -0.02590
vn -0.97330 0.22430 -0.04840
vn -0.97400 0.22430 -0.03230
vn -0.53120 0.84720 -0.01300
vn -0.53100 0.84710 -0.01950
vn -0.97400 0.22430 -0.03230
vn -0.97440 0.22430 -0.01620
vn -0.53120 0.84720 -0.00650
vn -0.53120 0.84720 -0.01300
vn -0.97440 0.22430 -0.01620
vn -0.97450 0.22440 0.00000
vn -0.53120 0.84720 -0.00000
vn -0.53120 0.84720 -0.00650
vn 0.81490 0.57940 0.01610
vn 0.81450 0.57930 0.03210
vn 0.16560 0.98610 0.01210
vn 0.16560 0.98620 0.00610
vn 0.81450 0.57930 0.03210
vn 0.81390 0.57900 0.04810
vn 0.16550 0.98600 0.01820
vn 0.16560 0.98610 0.01210
vn 0.81390 0.57900 0.04810
vn 0.81310 0.57850 0.06410
vn 0.16540 0.98590 0.02420
vn 0.16550 0.98600 0.01820
vn 0.81310 0.57850 0.06410
vn 0.81210 0.57800 0.08000
vn 0.16530 0.98580 0.03020
vn 0.16540 0.98590 0.02420
vn 0.81210 0.57800 0.08000
vn 0.81080 0.57740 0.09590
vn 0.16510 0.98560 0.03630
vn 0.16530 0.98580 0.03020
vn 0.81080 0.57740 0.09590
vn 0.80930 0.57660 0.11160
vn 0.16490 0.98540 0.04230
vn 0.16510 0.98560 0.03630
vn 0.80930 0.57660 0.11160
vn 0.80760 0.57580 0.12730
vn 0.16470 0.98520 0.04830
vn 0.16490 0.98540 0.04230
vn 0.80760 0.57580 0.12730
vn 0.67530 0.46370 -0.57360
vn 0.15630 0.77380 -0.61390
vn 0.16470 0.98520 0.04830
vn 0.96580 -0.22540 0.12840
vn 0.96770 -0.22560 0.11260
vn 0.52700 -0.84870 0.04450
vn 0.52670 -0.84850 0.05090
vn 0.96770 -0.22560 0.11260
vn 0.96940 -0.22570 0.09670
vn 0.52730 -0.84880 0.03820
vn 0.52700 -0.84870 0.04450
vn 0.96940 -0.22570 0.09670
vn 0.97080 -0.22590 0.08070
vn 0.52760 -0.84890 0.03180
vn 0.52730 -0.84880 0.03820
vn 0.97080 -0.22590 0.08070
vn 0.97200 -0.22600 0.06470
vn 0.52770 -0.84900 0.02550
vn 0.52760 -0.84890 0.03180
vn 0.97200 -0.22600 0.06470
vn 0.97290 -0.22600 0.04850
vn 0.52790 -0.84910 0.01910
vn 0.52770 -0.84900 0.02550
vn 0.97290 -0.22600 0.04850
vn 0.97360 -0.22610 0.03240
vn 0.52800 -0.84910 0.01280
vn 0.52790 -0.84910 0.01910
vn 0.97360 -0.22610 0.03240
vn 0.97400 -0.22610 0.01620
vn 0.52810 -0.84920 0.00640
vn 0.52800 -0.84910 0.01280
vn 0.97400 -0.22610 0.01620
vn 0.97410 -0.22610 0.00000
vn 0.52810 -0.84920 -0.00000
vn 0.52810 -0.84920 0.00640
vn -0.81450 -0.57720 -0.05790
vn -0.97280 0.22430 -0.05790
vn -0.97190 0.22420 -0.07240
vn -0.81370 -0.57680 -0.07230
vn 0.81350 0.57860 0.05810
vn 0.97240 -0.22590 0.05810
vn 0.97150 -0.22590 0.07250
vn 0.81270 0.57820 0.07250
vn 0.52800 -0.84900 0.02250
vn -0.16890 -0.98540 -0.02280
vn -0.16880 -0.98520 -0.02850
vn 0.52780 -0.84890 0.02810
vn -0.59830 -0.43830 -0.67080
vn -0.72010 0.17790 -0.67070
vn -0.38300 0.65470 -0.65170
vn 0.15370 0.77290 -0.61570
vn 0.67170 0.46280 -0.57850
vn 0.79710 -0.17290 -0.57860
vn 0.43590 -0.65650 -0.61560
vn -0.10540 -0.75120 -0.65170
vn 0.16550 0.98580 0.02800
vn -0.53060 0.84710 -0.02850
vn -0.53080 0.84720 -0.02280
vn 0.16560 0.98590 0.02240
vn -0.81000 -0.57500 -0.11520
vn -0.96780 0.22390 -0.11530
vn -0.72010 0.17790 -0.67070
vn -0.59830 -0.43830 -0.67080
vn -0.81140 -0.57570 -0.10100
vn -0.96930 0.22400 -0.10100
vn -0.96780 0.22390 -0.11530
vn -0.81000 -0.57500 -0.11520
vn -0.81260 -0.57630 -0.08670
vn -0.97070 0.22410 -0.08670
vn -0.96930 0.22400 -0.10100
vn -0.81140 -0.57570 -0.10100
vn -0.81370 -0.57680 -0.07230
vn -0.97190 0.22420 -0.07240
vn -0.97070 0.22410 -0.08670
vn -0.81260 -0.57630 -0.08670
vn -0.97440 0.22440 -0.01450
vn -0.81590 -0.57800 -0.01450
vn -0.81600 -0.57800 0.00000
vn -0.97450 0.22440 0.00000
vn -0.97410 0.22440 -0.02900
vn -0.81570 -0.57780 -0.02900
vn -0.81590 -0.57800 -0.01450
vn -0.97440 0.22440 -0.01450
vn -0.97350 0.22430 -0.04350
vn -0.81520 -0.57760 -0.04350
vn -0.81570 -0.57780 -0.02900
vn -0.97410 0.22440 -0.02900
vn -0.97280 0.22430 -0.05790
vn -0.81450 -0.57720 -0.05790
vn -0.81520 -0.57760 -0.04350
vn -0.97350 0.22430 -0.04350
vn 0.80900 0.57630 0.11550
vn 0.96740 -0.22550 0.11550
vn 0.79710 -0.17290 -0.57860
vn 0.67170 0.46280 -0.57850
vn 0.81040 0.57700 0.10120
vn 0.96890 -0.22560 0.10130
vn 0.96740 -0.22550 0.11550
vn 0.80900 0.57630 0.11550
vn 0.81160 0.57760 0.08690
vn 0.97030 -0.22570 0.08690
vn 0.96890 -0.22560 0.10130
vn 0.81040 0.57700 0.10120
vn 0.81270 0.57820 0.07250
vn 0.97150 -0.22590 0.07250
vn 0.97030 -0.22570 0.08690
vn 0.81160 0.57760 0.08690
vn 0.97400 -0.22610 0.01450
vn 0.81500 0.57930 0.01450
vn 0.81500 0.57940 0.00000
vn 0.97410 -0.22610 0.00000
vn 0.97370 -0.22600 0.02910
vn 0.81470 0.57920 0.02910
vn 0.81500 0.57930 0.01450
vn 0.97400 -0.22610 0.01450
vn 0.97320 -0.22600 0.04360
vn 0.81420 0.57900 0.04360
vn 0.81470 0.57920 0.02910
vn 0.97370 -0.22600 0.02910
vn 0.97240 -0.22590 0.05810
vn 0.81350 0.57860 0.05810
vn 0.81420 0.57900 0.04360
vn 0.97320 -0.22600 0.04360
vn 0.52720 -0.84860 0.04480
vn -0.16830 -0.98470 -0.04550
vn -0.10540 -0.75120 -0.65170
vn 0.43590 -0.65650 -0.61560
vn 0.52740 -0.84870 0.03920
vn -0.16850 -0.98490 -0.03980
vn -0.16830 -0.98470 -0.04550
vn 0.52720 -0.84860 0.04480
vn 0.52760 -0.84880 0.03370
vn -0.16860 -0.98510 -0.03410
vn -0.16850 -0.98490 -0.03980
vn 0.52740 -0.84870 0.03920
vn 0.52780 -0.84890 0.02810
vn -0.16880 -0.98520 -0.02850
vn -0.16860 -0.98510 -0.03410
vn 0.52760 -0.84880 0.03370
vn -0.16910 -0.98560 -0.00570
vn 0.52820 -0.84910 0.00560
vn 0.52820 -0.84910 0.00000
vn -0.16910 -0.98560 -0.00000
vn -0.16910 -0.98550 -0.01140
vn 0.52820 -0.84910 0.01120
vn 0.52820 -0.84910 0.00560
vn -0.16910 -0.98560 -0.00570
vn -0.16900 -0.98550 -0.01710
vn 0.52810 -0.84900 0.01680
vn 0.52820 -0.84910 0.01120
vn -0.16910 -0.98550 -0.01140
vn -0.16890 -0.98540 -0.02280
vn 0.52800 -0.84900 0.02250
vn 0.52810 -0.84900 0.01680
vn -0.16900 -0.98550 -0.01710
vn 0.16580 0.98610 0.00560
vn -0.53110 0.84730 -0.00570
vn -0.53110 0.84730 -0.00000
vn 0.16580 0.98620 0.00000
vn 0.16580 0.98610 0.01120
vn -0.53100 0.84730 -0.01140
vn -0.53110 0.84730 -0.00570
vn 0.16580 0.98610 0.00560
vn 0.16570 0.98600 0.01680
vn -0.53090 0.84720 -0.01710
vn -0.53100 0.84730 -0.01140
vn 0.16580 0.98610 0.01120
vn 0.16560 0.98590 0.02240
vn -0.53080 0.84720 -0.02280
vn -0.53090 0.84720 -0.01710
vn 0.16570 0.98600 0.01680
vn -0.52990 0.84680 -0.04560
vn 0.16500 0.98530 0.04470
vn 0.15370 0.77290 -0.61570
vn -0.38300 0.65470 -0.65170
vn -0.53020 0.84690 -0.03990
vn 0.16520 0.98550 0.03920
vn 0.16500 0.98530 0.04470
vn -0.52990 0.84680 -0.04560
vn -0.53040 0.84700 -0.03420
vn 0.16540 0.98570 0.03360
vn 0.16520 0.98550 0.03920
vn -0.53020 0.84690 -0.03990
vn -0.53060 0.84710 -0.02850
vn 0.16550 0.98580 0.02800
vn 0.16540 0.98570 0.03360
vn -0.53040 0.84700 -0.03420
vn -0.81600 -0.57800 0.00000
vn -0.81590 -0.57800 -0.01450
vn -0.16910 -0.98560 -0.00570
vn -0.16910 -0.98560 -0.00000
vn -0.72010 0.17790 -0.67070
vn -0.96780 0.22390 -0.11530
vn -0.52990 0.84680 -0.04560
vn -0.38300 0.65470 -0.65170
vn 0.81500 0.57940 0.00000
vn 0.81500 0.57930 0.01450
vn 0.16580 0.98610 0.00560
vn 0.16580 0.98620 0.00000
vn 0.79710 -0.17290 -0.57860
vn 0.96740 -0.22550 0.11550
vn 0.52720 -0.84860 0.04480
vn 0.43590 -0.65650 -0.61560
vn -0.81590 -0.57800 -0.01450
vn -0.81570 -0.57780 -0.02900
vn -0.16910 -0.98550 -0.01140
vn -0.16910 -0.98560 -0.00570
vn -0.81570 -0.57780 -0.02900
vn -0.81520 -0.57760 -0.04350
vn -0.16900 -0.98550 -0.01710
vn -0.16910 -0.98550 -0.01140
vn -0.81520 -0.57760 -0.04350
vn -0.81450 -0.57720 -0.05790
vn -0.16890 -0.98540 -0.02280
vn -0.16900 -0.98550 -0.01710
vn -0.81450 -0.57720 -0.05790
vn -0.81370 -0.57680 -0.07230
vn -0.16880 -0.98520 -0.02850
vn -0.16890 -0.98540 -0.02280
vn -0.81370 -0.57680 -0.07230
vn -0.81260 -0.57630 -0.08670
vn -0.16860 -0.98510 -0.03410
vn -0.16880 -0.98520 -0.02850
vn -0.81260 -0.57630 -0.08670
vn -0.81140 -0.57570 -0.10100
vn -0.16850 -0.98490 -0.03980
vn -0.16860 -0.98510 -0.03410
vn -0.81140 -0.57570 -0.10100
vn -0.81000 -0.57500 -0.11520
vn -0.16830 -0.98470 -0.04550
vn -0.16850 -0.98490 -0.03980
vn -0.81000 -0.57500 -0.11520
vn -0.59830 -0.43830 -0.67080
vn -0.10540 -0.75120 -0.65170
vn -0.16830 -0.98470 -0.04550
vn -0.96780 0.22390 -0.11530
vn -0.96930 0.22400 -0.10100
vn -0.53020 0.84690 -0.03990
vn -0.52990 0.84680 -0.04560
vn -0.96930 0.22400 -0.10100
vn -0.97070 0.22410 -0.08670
vn -0.53040 0.84700 -0.03420
vn -0.53020 0.84690 -0.03990
vn -0.97070 0.22410 -0.08670
vn -0.97190 0.22420 -0.07240
vn -0.53060 0.84710 -0.02850
vn -0.53040 0.84700 -0.03420
vn -0.97190 0.22420 -0.07240
vn -0.97280 0.22430 -0.05790
vn -0.53080 0.84720 -0.02280
vn -0.53060 0.84710 -0.02850
vn -0.97280 0.22430 -0.05790
vn -0.97350 0.22430 -0.04350
vn -0.53090 0.84720 -0.01710
vn -0.53080 0.84720 -0.02280
vn -0.97350 0.22430 -0.04350
vn -0.97410 0.22440 -0.02900
vn -0.53100 0.84730 -0.01140
vn -0.53090 0.84720 -0.01710
vn -0.97410 0.22440 -0.02900
vn -0.97440 0.22440 -0.01450
vn -0.53110 0.84730 -0.00570
vn -0.53100 0.84730 -0.01140
vn -0.97440 0.22440 -0.01450
vn -0.97450 0.22440 0.00000
vn -0.53110 0.84730 -0.00000
vn -0.53110 0.84730 -0.00570
vn 0.81500 0.57930 0.01450
vn 0.81470 0.57920 0.02910
vn 0.16580 0.98610 0.01120
vn 0.16580 0.98610 0.00560
vn 0.81470 0.57920 0.02910
vn 0.81420 0.57900 0.04360
vn 0.16570 0.98600 0.01680
vn 0.16580 0.98610 0.01120
vn 0.81420 0.57900 0.04360
vn 0.81350 0.57860 0.05810
vn 0.16560 0.98590 0.02240
vn 0.16570 0.98600 0.01680
vn 0.81350 0.57860 0.05810
vn 0.81270 0.57820 0.07250
vn 0.16550 0.98580 0.02800
vn 0.16560 0.98590 0.02240
vn 0.81270 0.57820 0.07250
vn 0.81160 0.57760 0.08690
vn 0.16540 0.98570 0.03360
vn 0.16550 0.98580 0.02800
vn 0.81160 0.57760 0.08690
vn 0.81040 0.57700 0.10120
vn 0.16520 0.98550 0.03920
vn 0.16540 0.98570 0.03360
vn 0.81040 0.57700 0.10120
vn 0.80900 0.57630 0.11550
vn 0.16500 0.98530 0.04470
vn 0.16520 0.98550 0.03920
vn 0.80900 0.57630 0.11550
vn 0.67170 0.46280 -0.57850
vn 0.15370 0.77290 -0.61570
vn 0.16500 0.98530 0.04470
vn 0.96740 -0.22550 0.11550
vn 0.96890 -0.22560 0.10130
vn 0.52740 -0.84870 0.03920
vn 0.52720 -0.84860 0.04480
vn 0.96890 -0.22560 0.10130
vn 0.97030 -0.22570 0.08690
vn 0.52760 -0.84880 0.03370
vn 0.52740 -0.84870 0.03920
vn 0.97030 -0.22570 0.08690
vn 0.97150 -0.22590 0.07250
vn 0.52780 -0.84890 0.02810
vn 0.52760 -0.84880 0.03370
vn 0.97150 -0.22590 0.07250
vn 0.97240 -0.22590 0.05810
vn 0.52800 -0.84900 0.02250
vn 0.52780 -0.84890 0.02810
vn 0.97240 -0.22590 0.05810
vn 0.97320 -0.22600 0.04360
vn 0.52810 -0.84900 0.01680
vn 0.52800 -0.84900 0.02250
vn 0.97320 -0.22600 0.04360
vn 0.97370 -0.22600 0.02910
vn 0.52820 -0.84910 0.01120
vn 0.52810 -0.84900 0.01680
vn 0.97370 -0.22600 0.02910
vn 0.97400 -0.22610 0.01450
vn 0.52820 -0.84910 0.00560
vn 0.52820 -0.84910 0.01120
vn 0.97400 -0.22610 0.01450
vn 0.97410 -0.22610 0.00000
vn 0.52820 -0.84910 0.00000
vn 0.52820 -0.84910 0.00560
vn -0.34550 -0.00700 0.93840
vn 0.41750 0.00990 0.90860
vn 0.26890 0.40130 0.87560
vn -0.40130 0.26890 0.87560
vn -0.34550 -0.00700 -0.93840
vn -0.40130 0.26890 -0.87560
vn 0.26880 0.40140 -0.87560
vn 0.41750 0.00990 -0.90860
vn 0.92940 0.01970 0.36860
vn 0.92940 0.01960 -0.36850
vn 0.79280 0.50480 -0.34160
vn 0.79280 0.50480 0.34160
vn 0.16540 0.92520 0.34160
vn 0.16540 0.92520 -0.34160
vn -0.50480 0.79280 -0.34160
vn -0.50480 0.79280 0.34160
vn -0.92520 0.16550 0.34160
vn -0.92520 0.16540 -0.34160
vn -0.91700 -0.02070 -0.39830
vn -0.91700 -0.02070 0.39830
vn -0.34550 -0.00700 0.93840
vn -0.34790 -0.03584 0.93684
vn 0.41501 -0.02175 0.90956
vn 0.41750 0.00990 0.90860
vn 0.92940 0.01970 0.36860
vn 0.92908 -0.01385 0.36961
vn 0.92911 -0.01395 -0.36953
vn 0.92940 0.01960 -0.36850
vn 0.41750 0.00990 -0.90860
vn 0.41501 -0.02175 -0.90956
vn -0.34790 -0.03584 -0.93684
vn -0.34550 -0.00700 -0.93840
vn -0.91700 -0.02070 -0.39830
vn -0.91665 -0.04753 -0.39685
vn -0.91665 -0.04752 0.39685
vn -0.91700 -0.02070 0.39830
vn -0.92520 0.16550 0.34160
vn -0.40130 0.26890 0.87560
vn -0.50480 0.79280 0.34160
vn 0.26890 0.40130 0.87560
vn 0.79280 0.50480 0.34160
vn 0.16540 0.92520 0.34160
vn -0.92520 0.16540 -0.34160
vn -0.50480 0.79280 -0.34160
vn -0.40130 0.26890 -0.87560
vn 0.16540 0.92520 -0.34160
vn 0.79280 0.50480 -0.34160
vn 0.26880 0.40140 -0.87560
vn -0.34550 -0.00700 0.93840
vn -0.40130 0.26890 0.87560
vn -0.92520 0.16550 0.34160
vn -0.91700 -0.02070 0.39830
vn -0.40130 0.26890 0.87560
vn 0.26890 0.40130 0.87560
vn 0.16540 0.92520 0.34160
vn -0.50480 0.79280 0.34160
vn 0.26890 0.40130 0.87560
vn 0.41750 0.00990 0.90860
vn 0.92940 0.01970 0.36860
vn 0.79280 0.50480 0.34160
vn 0.41750 0.00990 -0.90860
vn 0.26880 0.40140 -0.87560
vn 0.79280 0.50480 -0.34160
vn 0.92940 0.01960 -0.36850
vn 0.26880 0.40140 -0.87560
vn -0.40130 0.26890 -0.87560
vn -0.50480 0.79280 -0.34160
vn 0.16540 0.92520 -0.34160
vn -0.40130 0.26890 -0.87560
vn -0.34550 -0.00700 -0.93840
vn -0.91700 -0.02070 -0.39830
vn -0.92520 0.16540 -0.34160
vn 0.79280 0.50480 0.34160
vn 0.79280 0.50480 -0.34160
vn 0.16540 0.92520 -0.34160
vn 0.16540 0.92520 0.34160
vn -0.50480 0.79280 0.34160
vn -0.50480 0.79280 -0.34160
vn -0.92520 0.16540 -0.34160
vn -0.92520 0.16550 0.34160
vn -0.91700 -0.02070 0.39830
vn -0.91665 -0.04752 0.39685
vn -0.34790 -0.03584 0.93684
vn -0.34550 -0.00700 0.93840
vn 0.41750 0.00990 0.90860
vn 0.41501 -0.02175 0.90956
vn 0.92908 -0.01385 0.36961
vn 0.92940 0.01970 0.36860
vn 0.92940 0.01960 -0.36850
vn 0.92911 -0.01395 -0.36953
vn 0.41501 -0.02175 -0.90956
vn 0.41750 0.00990 -0.90860
vn -0.34550 -0.00700 -0.93840
vn -0.34790 -0.03584 -0.93684
vn -0.91665 -0.04753 -0.39685
vn -0.91700 -0.02070 -0.39830
vn -0.69150 -0.05120 0.72060
vn 0.07050 -0.07050 0.99500
vn 0.07050 0.07050 0.99500
vn -0.69150 0.05120 0.72060
vn 0.00000 -1.00000 -0.00000
vn 0.07090 -0.99750 -0.00000
vn 0.07050 -0.99500 0.07050
vn -0.69150 -0.72060 0.05120
vn -0.30150 -0.90450 0.30150
vn 0.99750 -0.07090 -0.00000
vn 0.99750 0.07090 0.00000
vn 0.99500 0.07050 0.07050
vn 0.99670 -0.05720 0.05720
vn 0.07090 0.99750 0.00000
vn 0.00000 1.00000 0.00000
vn -0.30150 0.90450 0.30150
vn -0.69150 0.72060 0.05120
vn 0.05720 0.99670 0.05720
vn -0.99750 0.07090 0.00000
vn -0.99750 -0.07090 -0.00000
vn -0.72060 -0.05120 0.69150
vn -0.72060 0.05120 0.69150
vn -0.30150 -0.90450 0.30150
vn -0.69150 -0.72060 0.05120
vn -0.66510 -0.70370 0.24980
vn -0.65640 -0.53350 0.53350
vn -0.66510 -0.24980 0.70370
vn -0.69150 -0.05120 0.72060
vn -0.69150 0.05120 0.72060
vn -0.66510 0.24980 0.70370
vn -0.65640 0.53350 0.53350
vn -0.66510 0.70370 0.24980
vn -0.69150 0.72060 0.05120
vn -0.30150 0.90450 0.30150
vn 0.00000 -1.00000 -0.00000
vn -0.30150 -0.90450 0.30150
vn -0.05120 -0.72060 0.69150
vn -0.07090 -0.99750 -0.00000
vn -0.30150 -0.90450 0.30150
vn -0.30150 0.90450 0.30150
vn -0.05120 0.72060 0.69150
vn -0.24980 0.70370 0.66510
vn -0.53350 0.53350 0.65640
vn -0.70370 0.24980 0.66510
vn -0.72060 0.05120 0.69150
vn -0.72060 -0.05120 0.69150
vn -0.70360 -0.24980 0.66520
vn -0.53350 -0.53350 0.65630
vn -0.24980 -0.70370 0.66510
vn -0.05120 -0.72060 0.69150
vn -0.30150 0.90450 0.30150
vn 0.00000 1.00000 0.00000
vn -0.07090 0.99750 0.00000
vn -0.05120 0.72060 0.69150
vn 0.99670 -0.05720 0.05720
vn 0.93740 -0.32930 0.11380
vn 0.93930 -0.34230 0.02490
vn 0.05720 0.99670 0.05720
vn 0.32930 0.93740 0.11380
vn 0.34230 0.93930 0.02490
vn -0.69150 -0.05120 0.72060
vn -0.66510 -0.24980 0.70370
vn 0.07230 -0.33450 0.93960
vn 0.07050 -0.07050 0.99500
vn 0.07050 -0.07050 0.99500
vn 0.33110 -0.06640 0.94120
vn 0.33450 0.07230 0.93960
vn 0.07050 0.07050 0.99500
vn 0.07050 0.07050 0.99500
vn 0.06640 0.33110 0.94120
vn -0.66510 0.24980 0.70370
vn -0.69150 0.05120 0.72060
vn 0.07090 -0.99750 -0.00000
vn 0.33460 -0.94240 -0.00000
vn 0.33110 -0.94120 0.06640
vn 0.07050 -0.99500 0.07050
vn 0.99750 0.07090 0.00000
vn 0.94240 0.33460 0.00000
vn 0.94120 0.33110 0.06640
vn 0.99500 0.07050 0.07050
vn 0.99670 -0.05720 0.05720
vn 0.93930 -0.02490 0.34230
vn 0.93740 -0.11380 0.32930
vn 0.93930 -0.02490 0.34230
vn 0.70090 -0.05070 0.71150
vn 0.70120 -0.23740 0.67230
vn 0.93740 -0.11380 0.32930
vn 0.70090 -0.05070 0.71150
vn 0.33110 -0.06640 0.94120
vn 0.33480 -0.31660 0.88750
vn 0.70120 -0.23740 0.67230
vn 0.33110 -0.06640 0.94120
vn 0.07050 -0.07050 0.99500
vn 0.07230 -0.33450 0.93960
vn 0.33480 -0.31660 0.88750
vn 0.99670 -0.05720 0.05720
vn 0.93740 -0.11380 0.32930
vn 0.93870 -0.24370 0.24370
vn 0.93740 -0.11380 0.32930
vn 0.70120 -0.23740 0.67230
vn 0.70690 -0.50010 0.50010
vn 0.93870 -0.24370 0.24370
vn 0.70120 -0.23740 0.67230
vn 0.33480 -0.31660 0.88750
vn 0.34090 -0.66480 0.66480
vn 0.70690 -0.50010 0.50010
vn 0.33480 -0.31660 0.88750
vn 0.07230 -0.33450 0.93960
vn 0.07430 -0.70520 0.70520
vn 0.34090 -0.66480 0.66480
vn 0.99670 -0.05720 0.05720
vn 0.93870 -0.24370 0.24370
vn 0.93740 -0.32930 0.11380
vn 0.93870 -0.24370 0.24370
vn 0.70690 -0.50010 0.50010
vn 0.70120 -0.67230 0.23740
vn 0.93740 -0.32930 0.11380
vn 0.70690 -0.50010 0.50010
vn 0.34090 -0.66480 0.66480
vn 0.33480 -0.88750 0.31660
vn 0.70120 -0.67230 0.23740
vn 0.34090 -0.66480 0.66480
vn 0.07430 -0.70520 0.70520
vn 0.07230 -0.93960 0.33450
vn 0.33480 -0.88750 0.31660
vn 0.93740 -0.32930 0.11380
vn 0.70120 -0.67230 0.23740
vn 0.70090 -0.71150 0.05070
vn 0.93930 -0.34230 0.02490
vn 0.70120 -0.67230 0.23740
vn 0.33480 -0.88750 0.31660
vn 0.33110 -0.94120 0.06640
vn 0.70090 -0.71150 0.05070
vn 0.33480 -0.88750 0.31660
vn 0.07230 -0.93960 0.33450
vn 0.07050 -0.99500 0.07050
vn 0.33110 -0.94120 0.06640
vn 0.05720 0.99670 0.05720
vn 0.02490 0.93930 0.34230
vn 0.11380 0.93740 0.32930
vn 0.02490 0.93930 0.34230
vn 0.05070 0.70090 0.71150
vn 0.23740 0.70120 0.67230
vn 0.11380 0.93740 0.32930
vn 0.05070 0.70090 0.71150
vn 0.06640 0.33110 0.94120
vn 0.31660 0.33480 0.88750
vn 0.23740 0.70120 0.67230
vn 0.06640 0.33110 0.94120
vn 0.07050 0.07050 0.99500
vn 0.33450 0.07230 0.93960
vn 0.31660 0.33480 0.88750
vn 0.05720 0.99670 0.05720
vn 0.11380 0.93740 0.32930
vn 0.24370 0.93870 0.24370
vn 0.11380 0.93740 0.32930
vn 0.23740 0.70120 0.67230
vn 0.50010 0.70690 0.50010
vn 0.24370 0.93870 0.24370
vn 0.23740 0.70120 0.67230
vn 0.31660 0.33480 0.88750
vn 0.66480 0.34090 0.66480
vn 0.50010 0.70690 0.50010
vn 0.31660 0.33480 0.88750
vn 0.33450 0.07230 0.93960
vn 0.70520 0.07430 0.70520
vn 0.66480 0.34090 0.66480
vn 0.05720 0.99670 0.05720
vn 0.24370 0.93870 0.24370
vn 0.32930 0.93740 0.11380
vn 0.24370 0.93870 0.24370
vn 0.50010 0.70690 0.50010
vn 0.67230 0.70120 0.23740
vn 0.32930 0.93740 0.11380
vn 0.50010 0.70690 0.50010
vn 0.66480 0.34090 0.66480
vn 0.88750 0.33480 0.31660
vn 0.67230 0.70120 0.23740
vn 0.66480 0.34090 0.66480
vn 0.70520 0.07430 0.70520
vn 0.93960 0.07230 0.33450
vn 0.88750 0.33480 0.31660
vn 0.32930 0.93740 0.11380
vn 0.67230 0.70120 0.23740
vn 0.71150 0.70090 0.05070
vn 0.34230 0.93930 0.02490
vn 0.67230 0.70120 0.23740
vn 0.88750 0.33480 0.31660
vn 0.94120 0.33110 0.06640
vn 0.71150 0.70090 0.05070
vn 0.88750 0.33480 0.31660
vn 0.93960 0.07230 0.33450
vn 0.99500 0.07050 0.07050
vn 0.94120 0.33110 0.06640
vn -0.66510 -0.24980 0.70370
vn -0.65640 -0.53350 0.53350
vn 0.07430 -0.70520 0.70520
vn 0.07230 -0.33450 0.93960
vn -0.65640 -0.53350 0.53350
vn -0.66510 -0.70370 0.24980
vn 0.07230 -0.93960 0.33450
vn 0.07430 -0.70520 0.70520
vn -0.66510 -0.70370 0.24980
vn -0.69150 -0.72060 0.05120
vn 0.07050 -0.99500 0.07050
vn 0.07230 -0.93960 0.33450
vn 0.33110 -0.06640 0.94120
vn 0.70090 -0.05070 0.71150
vn 0.70520 0.07430 0.70520
vn 0.33450 0.07230 0.93960
vn 0.70090 -0.05070 0.71150
vn 0.93930 -0.02490 0.34230
vn 0.93960 0.07230 0.33450
vn 0.70520 0.07430 0.70520
vn 0.93930 -0.02490 0.34230
vn 0.99670 -0.05720 0.05720
vn 0.99500 0.07050 0.07050
vn 0.93960 0.07230 0.33450
vn 0.06640 0.33110 0.94120
vn 0.05070 0.70090 0.71150
vn -0.65640 0.53350 0.53350
vn -0.66510 0.24980 0.70370
vn 0.05070 0.70090 0.71150
vn 0.02490 0.93930 0.34230
vn -0.66510 0.70370 0.24980
vn -0.65640 0.53350 0.53350
vn 0.02490 0.93930 0.34230
vn 0.05720 0.99670 0.05720
vn -0.69150 0.72060 0.05120
vn -0.66510 0.70370 0.24980
vn 0.33460 -0.94240 -0.00000
vn 0.70710 -0.70710 -0.00000
vn 0.70090 -0.71150 0.05070
vn 0.33110 -0.94120 0.06640
vn 0.70710 -0.70710 -0.00000
vn 0.94240 -0.33460 -0.00000
vn 0.93930 -0.34230 0.02490
vn 0.70090 -0.71150 0.05070
vn 0.94240 -0.33460 -0.00000
vn 0.99750 -0.07090 -0.00000
vn 0.99670 -0.05720 0.05720
vn 0.93930 -0.34230 0.02490
vn 0.94240 0.33460 0.00000
vn 0.70710 0.70710 0.00000
vn 0.71150 0.70090 0.05070
vn 0.94120 0.33110 0.06640
vn 0.70710 0.70710 0.00000
vn 0.33460 0.94240 0.00000
vn 0.34230 0.93930 0.02490
vn 0.71150 0.70090 0.05070
vn 0.33460 0.94240 0.00000
vn 0.07090 0.99750 0.00000
vn 0.05720 0.99670 0.05720
vn 0.34230 0.93930 0.02490
vn -0.99750 -0.07090 -0.00000
vn -0.94240 -0.33460 -0.00000
vn -0.70360 -0.24980 0.66520
vn -0.72060 -0.05120 0.69150
vn -0.72060 0.05120 0.69150
vn -0.70370 0.24980 0.66510
vn -0.94240 0.33460 0.00000
vn -0.99750 0.07090 0.00000
vn -0.94240 -0.33460 -0.00000
vn -0.70710 -0.70710 -0.00000
vn -0.53350 -0.53350 0.65630
vn -0.70360 -0.24980 0.66520
vn -0.70710 -0.70710 -0.00000
vn -0.33460 -0.94240 -0.00000
vn -0.24980 -0.70370 0.66510
vn -0.53350 -0.53350 0.65630
vn -0.33460 -0.94240 -0.00000
vn -0.07090 -0.99750 -0.00000
vn -0.05120 -0.72060 0.69150
vn -0.24980 -0.70370 0.66510
vn -0.70370 0.24980 0.66510
vn -0.53350 0.53350 0.65640
vn -0.70710 0.70710 0.00000
vn -0.94240 0.33460 0.00000
vn -0.53350 0.53350 0.65640
vn -0.24980 0.70370 0.66510
vn -0.33460 0.94240 0.00000
vn -0.70710 0.70710 0.00000
vn -0.24980 0.70370 0.66510
vn -0.05120 0.72060 0.69150
vn -0.07090 0.99750 0.00000
vn -0.33460 0.94240 0.00000
vn -0.69150 -0.05120 -0.72060
vn -0.69150 0.05120 -0.72060
vn 0.07050 0.07050 -0.99500
vn 0.07050 -0.07050 -0.99500
vn 0.00000 -1.00000 -0.00000
vn -0.30150 -0.90450 -0.30150
vn -0.69150 -0.72060 -0.05120
vn 0.07050 -0.99500 -0.07050
vn 0.07090 -0.99750 -0.00000
vn 0.99750 -0.07090 -0.00000
vn 0.99670 -0.05720 -0.05720
vn 0.99500 0.07050 -0.07050
vn 0.99750 0.07090 0.00000
vn 0.07090 0.99750 0.00000
vn 0.05720 0.99670 -0.05720
vn -0.69150 0.72060 -0.05120
vn -0.30150 0.90450 -0.30150
vn 0.00000 1.00000 0.00000
vn -0.99750 0.07090 0.00000
vn -0.72060 0.05120 -0.69150
vn -0.72060 -0.05120 -0.69150
vn -0.99750 -0.07090 -0.00000
vn -0.30150 -0.90450 -0.30150
vn -0.30150 0.90450 -0.30150
vn -0.69150 0.72060 -0.05120
vn -0.66510 0.70370 -0.24990
vn -0.65640 0.53340 -0.53350
vn -0.66510 0.24980 -0.70370
vn -0.69150 0.05120 -0.72060
vn -0.69150 -0.05120 -0.72060
vn -0.66510 -0.24990 -0.70370
vn -0.65640 -0.53350 -0.53340
vn -0.66510 -0.70370 -0.24980
vn -0.69150 -0.72060 -0.05120
vn 0.00000 -1.00000 -0.00000
vn -0.07090 -0.99750 -0.00000
vn -0.05120 -0.72060 -0.69150
vn -0.30150 -0.90450 -0.30150
vn -0.30150 -0.90450 -0.30150
vn -0.05120 -0.72060 -0.69150
vn -0.24980 -0.70370 -0.66510
vn -0.53350 -0.53350 -0.65640
vn -0.70370 -0.24980 -0.66510
vn -0.72060 -0.05120 -0.69150
vn -0.72060 0.05120 -0.69150
vn -0.70370 0.24980 -0.66510
vn -0.53350 0.53350 -0.65640
vn -0.24980 0.70370 -0.66510
vn -0.05120 0.72060 -0.69150
vn -0.30150 0.90450 -0.30150
vn -0.30150 0.90450 -0.30150
vn -0.05120 0.72060 -0.69150
vn -0.07090 0.99750 0.00000
vn 0.00000 1.00000 0.00000
vn 0.99670 -0.05720 -0.05720
vn 0.93930 -0.34230 -0.02490
vn 0.93740 -0.32930 -0.11380
vn 0.05720 0.99670 -0.05720
vn 0.34230 0.93930 -0.02490
vn 0.32930 0.93740 -0.11380
vn -0.69150 -0.05120 -0.72060
vn 0.07050 -0.07050 -0.99500
vn 0.07230 -0.33450 -0.93960
vn -0.66510 -0.24990 -0.70370
vn 0.07050 -0.07050 -0.99500
vn 0.07050 0.07050 -0.99500
vn 0.33450 0.07230 -0.93960
vn 0.33110 -0.06640 -0.94120
vn 0.07050 0.07050 -0.99500
vn -0.69150 0.05120 -0.72060
vn -0.66510 0.24980 -0.70370
vn 0.06640 0.33110 -0.94120
vn 0.07090 -0.99750 -0.00000
vn 0.07050 -0.99500 -0.07050
vn 0.33110 -0.94120 -0.06640
vn 0.33460 -0.94240 -0.00000
vn 0.99750 0.07090 0.00000
vn 0.99500 0.07050 -0.07050
vn 0.94120 0.33110 -0.06640
vn 0.94240 0.33460 0.00000
vn 0.99670 -0.05720 -0.05720
vn 0.93740 -0.11380 -0.32930
vn 0.93930 -0.02490 -0.34230
vn 0.93930 -0.02490 -0.34230
vn 0.93740 -0.11380 -0.32930
vn 0.70120 -0.23740 -0.67230
vn 0.70090 -0.05070 -0.71150
vn 0.70090 -0.05070 -0.71150
vn 0.70120 -0.23740 -0.67230
vn 0.33480 -0.31660 -0.88750
vn 0.33110 -0.06640 -0.94120
vn 0.33110 -0.06640 -0.94120
vn 0.33480 -0.31660 -0.88750
vn 0.07230 -0.33450 -0.93960
vn 0.07050 -0.07050 -0.99500
vn 0.99670 -0.05720 -0.05720
vn 0.93870 -0.24370 -0.24370
vn 0.93740 -0.11380 -0.32930
vn 0.93740 -0.11380 -0.32930
vn 0.93870 -0.24370 -0.24370
vn 0.70690 -0.50010 -0.50010
vn 0.70120 -0.23740 -0.67230
vn 0.70120 -0.23740 -0.67230
vn 0.70690 -0.50010 -0.50010
vn 0.34090 -0.66480 -0.66480
vn 0.33480 -0.31660 -0.88750
vn 0.33480 -0.31660 -0.88750
vn 0.34090 -0.66480 -0.66480
vn 0.07430 -0.70520 -0.70520
vn 0.07230 -0.33450 -0.93960
vn 0.99670 -0.05720 -0.05720
vn 0.93740 -0.32930 -0.11380
vn 0.93870 -0.24370 -0.24370
vn 0.93870 -0.24370 -0.24370
vn 0.93740 -0.32930 -0.11380
vn 0.70120 -0.67230 -0.23740
vn 0.70690 -0.50010 -0.50010
vn 0.70690 -0.50010 -0.50010
vn 0.70120 -0.67230 -0.23740
vn 0.33480 -0.88750 -0.31660
vn 0.34090 -0.66480 -0.66480
vn 0.34090 -0.66480 -0.66480
vn 0.33480 -0.88750 -0.31660
vn 0.07230 -0.93960 -0.33450
vn 0.07430 -0.70520 -0.70520
vn 0.93740 -0.32930 -0.11380
vn 0.93930 -0.34230 -0.02490
vn 0.70090 -0.71150 -0.05070
vn 0.70120 -0.67230 -0.23740
vn 0.70120 -0.67230 -0.23740
vn 0.70090 -0.71150 -0.05070
vn 0.33110 -0.94120 -0.06640
vn 0.33480 -0.88750 -0.31660
vn 0.33480 -0.88750 -0.31660
vn 0.33110 -0.94120 -0.06640
vn 0.07050 -0.99500 -0.07050
vn 0.07230 -0.93960 -0.33450
vn 0.05720 0.99670 -0.05720
vn 0.11380 0.93740 -0.32930
vn 0.02490 0.93930 -0.34230
vn 0.02490 0.93930 -0.34230
vn 0.11380 0.93740 -0.32930
vn 0.23740 0.70120 -0.67230
vn 0.05070 0.70090 -0.71150
vn 0.05070 0.70090 -0.71150
vn 0.23740 0.70120 -0.67230
vn 0.31660 0.33480 -0.88750
vn 0.06640 0.33110 -0.94120
vn 0.06640 0.33110 -0.94120
vn 0.31660 0.33480 -0.88750
vn 0.33450 0.07230 -0.93960
vn 0.07050 0.07050 -0.99500
vn 0.05720 0.99670 -0.05720
vn 0.24370 0.93870 -0.24370
vn 0.11380 0.93740 -0.32930
vn 0.11380 0.93740 -0.32930
vn 0.24370 0.93870 -0.24370
vn 0.50010 0.70690 -0.50010
vn 0.23740 0.70120 -0.67230
vn 0.23740 0.70120 -0.67230
vn 0.50010 0.70690 -0.50010
vn 0.66480 0.34090 -0.66480
vn 0.31660 0.33480 -0.88750
vn 0.31660 0.33480 -0.88750
vn 0.66480 0.34090 -0.66480
vn 0.70510 0.07430 -0.70520
vn 0.33450 0.07230 -0.93960
vn 0.05720 0.99670 -0.05720
vn 0.32930 0.93740 -0.11380
vn 0.24370 0.93870 -0.24370
vn 0.24370 0.93870 -0.24370
vn 0.32930 0.93740 -0.11380
vn 0.67230 0.70120 -0.23740
vn 0.50010 0.70690 -0.50010
vn 0.50010 0.70690 -0.50010
vn 0.67230 0.70120 -0.23740
vn 0.88750 0.33480 -0.31660
vn 0.66480 0.34090 -0.66480
vn 0.66480 0.34090 -0.66480
vn 0.88750 0.33480 -0.31660
vn 0.93960 0.07230 -0.33450
vn 0.70510 0.07430 -0.70520
vn 0.32930 0.93740 -0.11380
vn 0.34230 0.93930 -0.02490
vn 0.71150 0.70090 -0.05070
vn 0.67230 0.70120 -0.23740
vn 0.67230 0.70120 -0.23740
vn 0.71150 0.70090 -0.05070
vn 0.94120 0.33110 -0.06640
vn 0.88750 0.33480 -0.31660
vn 0.88750 0.33480 -0.31660
vn 0.94120 0.33110 -0.06640
vn 0.99500 0.07050 -0.07050
vn 0.93960 0.07230 -0.33450
vn -0.66510 -0.24990 -0.70370
vn 0.07230 -0.33450 -0.93960
vn 0.07430 -0.70520 -0.70520
vn -0.65640 -0.53350 -0.53340
vn -0.65640 -0.53350 -0.53340
vn 0.07430 -0.70520 -0.70520
vn 0.07230 -0.93960 -0.33450
vn -0.66510 -0.70370 -0.24980
vn -0.66510 -0.70370 -0.24980
vn 0.07230 -0.93960 -0.33450
vn 0.07050 -0.99500 -0.07050
vn -0.69150 -0.72060 -0.05120
vn 0.33110 -0.06640 -0.94120
vn 0.33450 0.07230 -0.93960
vn 0.70510 0.07430 -0.70520
vn 0.70090 -0.05070 -0.71150
vn 0.70090 -0.05070 -0.71150
vn 0.70510 0.07430 -0.70520
vn 0.93960 0.07230 -0.33450
vn 0.93930 -0.02490 -0.34230
vn 0.93930 -0.02490 -0.34230
vn 0.93960 0.07230 -0.33450
vn 0.99500 0.07050 -0.07050
vn 0.99670 -0.05720 -0.05720
vn 0.06640 0.33110 -0.94120
vn -0.66510 0.24980 -0.70370
vn -0.65640 0.53340 -0.53350
vn 0.05070 0.70090 -0.71150
vn 0.05070 0.70090 -0.71150
vn -0.65640 0.53340 -0.53350
vn -0.66510 0.70370 -0.24990
vn 0.02490 0.93930 -0.34230
vn 0.02490 0.93930 -0.34230
vn -0.66510 0.70370 -0.24990
vn -0.69150 0.72060 -0.05120
vn 0.05720 0.99670 -0.05720
vn 0.33460 -0.94240 -0.00000
vn 0.33110 -0.94120 -0.06640
vn 0.70090 -0.71150 -0.05070
vn 0.70710 -0.70710 -0.00000
vn 0.70710 -0.70710 -0.00000
vn 0.70090 -0.71150 -0.05070
vn 0.93930 -0.34230 -0.02490
vn 0.94240 -0.33460 -0.00000
vn 0.94240 -0.33460 -0.00000
vn 0.93930 -0.34230 -0.02490
vn 0.99670 -0.05720 -0.05720
vn 0.99750 -0.07090 -0.00000
vn 0.94240 0.33460 0.00000
vn 0.94120 0.33110 -0.06640
vn 0.71150 0.70090 -0.05070
vn 0.70710 0.70710 0.00000
vn 0.70710 0.70710 0.00000
vn 0.71150 0.70090 -0.05070
vn 0.34230 0.93930 -0.02490
vn 0.33460 0.94240 0.00000
vn 0.33460 0.94240 0.00000
vn 0.34230 0.93930 -0.02490
vn 0.05720 0.99670 -0.05720
vn 0.07090 0.99750 0.00000
vn -0.99750 -0.07090 -0.00000
vn -0.72060 -0.05120 -0.69150
vn -0.70370 -0.24980 -0.66510
vn -0.94240 -0.33460 -0.00000
vn -0.72060 0.05120 -0.69150
vn -0.99750 0.07090 0.00000
vn -0.94240 0.33460 0.00000
vn -0.70370 0.24980 -0.66510
vn -0.94240 -0.33460 -0.00000
vn -0.70370 -0.24980 -0.66510
vn -0.53350 -0.53350 -0.65640
vn -0.70710 -0.70710 -0.00000
vn -0.70710 -0.70710 -0.00000
vn -0.53350 -0.53350 -0.65640
vn -0.24980 -0.70370 -0.66510
vn -0.33460 -0.94240 -0.00000
vn -0.33460 -0.94240 -0.00000
vn -0.24980 -0.70370 -0.66510
vn -0.05120 -0.72060 -0.69150
vn -0.07090 -0.99750 -0.00000
vn -0.70370 0.24980 -0.66510
vn -0.94240 0.33460 0.00000
vn -0.70710 0.70710 0.00000
vn -0.53350 0.53350 -0.65640
vn -0.53350 0.53350 -0.65640
vn -0.70710 0.70710 0.00000
vn -0.33460 0.94240 0.00000
vn -0.24980 0.70370 -0.66510
vn -0.24980 0.70370 -0.66510
vn -0.33460 0.94240 0.00000
vn -0.07090 0.99750 0.00000
vn -0.05120 0.72060 -0.69150
usemtl Chair_Legs
f 1/1/1 2/2/2 3/3/3 4/4/4 5/5/5 6/6/6 7/7/7 8/8/8
f 9/9/9 10/10/10 11/11/11 12/12/12
f 13/13/13 14/14/14 15/15/15 16/16/16
f 17/17/17 18/18/18 19/19/19 20/20/20
f 21/21/21 22/22/22 23/23/23 24/24/24
f 25/25/25 26/26/26 27/27/27 28/28/28
f 29/29/29 30/30/30 31/31/31 32/32/32
f 33/33/33 34/34/34 35/35/35 36/36/36
f 37/37/37 38/38/38 39/39/39 40/40/40
f 41/41/41 42/42/42 43/43/43 44/44/44
f 45/45/45 46/46/46 47/47/47 48/48/48
f 49/49/49 50/50/50 51/51/51 52/52/52 53/53/53 54/54/54 55/55/55 56/56/56
f 57/57/57 58/58/58 59/59/59 60/60/60
f 61/61/61 62/62/62 63/63/63 64/64/64 65/65/65 66/66/66 67/67/67 68/68/68
f 69/69/69 70/70/70 71/71/71 72/72/72
f 73/73/73 74/74/74 75/75/75 76/76/76
f 77/77/77 78/78/78 79/79/79 80/80/80
f 81/81/81 82/82/82 83/83/83 84/84/84
f 85/85/85 86/86/86 87/87/87 88/88/88
f 89/89/89 90/90/90 91/91/91 92/92/92
f 93/93/93 94/94/94 95/95/95 96/96/96 97/97/97 98/98/98 99/99/99 100/100/100
f 101/101/101 102/102/102 103/103/103 104/104/104
f 105/105/105 106/106/106 107/107/107 108/108/108
f 109/109/109 110/110/110 111/111/111 112/112/112
f 113/113/113 114/114/114 115/115/115 116/116/116
f 117/117/117 118/118/118 119/119/119 120/120/120
f 121/121/121 122/122/122 123/123/123 124/124/124
f 125/125/125 126/126/126 127/127/127 128/128/128
f 129/129/129 130/130/130 131/131/131 132/132/132 133/133/133 134/134/134 135/135/135 136/136/136
f 137/137/137 138/138/138 139/139/139 140/140/140
f 141/141/141 142/142/142 143/143/143 144/144/144 145/145/145 146/146/146 147/147/147 148/148/148
f 149/149/149 150/150/150 151/151/151 152/152/152
f 153/153/153 154/154/154 155/155/155 156/156/156
f 157/157/157 158/158/158 159/159/159 160/160/160
f 161/161/161 162/162/162 163/163/163 164/164/164
f 165/165/165 166/166/166 167/167/167 168/168/168
f 169/169/169 170/170/170 171/171/171 172/172/172
f 173/173/173 174/174/174 175/175/175 176/176/176
f 177/177/177 178/178/178 179/179/179 180/180/180 181/181/181 182/182/182 183/183/183 184/184/184
f 185/185/185 186/186/186 187/187/187 188/188/188
f 189/189/189 190/190/190 191/191/191 192/192/192 193/193/193 194/194/194 195/195/195 196/196/196
f 197/197/197 198/198/198 199/199/199 200/200/200
f 201/201/201 202/202/202 203/203/203 204/204/204
f 205/205/205 206/206/206 207/207/207 208/208/208
f 209/209/209 210/210/210 211/211/211 212/212/212
f 213/213/213 214/214/214 215/215/215 216/216/216 217/217/217 218/218/218 219/219/219 220/220/220
f 221/221/221 222/222/222 223/223/223 224/224/224
f 225/225/225 226/226/226 227/227/227 228/228/228
f 229/229/229 230/230/230 231/231/231 232/232/232
f 233/233/233 234/234/234 235/235/235 236/236/236
f 237/237/237 238/238/238 239/239/239 240/240/240
f 241/241/241 242/242/242 243/243/243 244/244/244
f 245/245/245 246/246/246 247/247/247 248/248/248
f 249/249/249 250/250/250 251/251/251 252/252/252
f 253/253/253 254/254/254 255/255/255 256/256/256
f 257/257/257 258/258/258 259/259/259 260/260/260
f 261/261/261 262/262/262 263/263/263 264/264/264 265/265/265 266/266/266 267/267/267 268/268/268
f 269/269/269 270/270/270 271/271/271 272/272/272
f 273/273/273 274/274/274 275/275/275 276/276/276 277/277/277 278/278/278 279/279/279 280/280/280
f 281/281/281 282/282/282 283/283/283 284/284/284
f 285/285/285 286/286/286 287/287/287 288/288/288
f 289/289/289 290/290/290 291/291/291 292/292/292
f 293/293/293 294/294/294 295/295/295 296/296/296
f 297/297/297 298/298/298 299/299/299 300/300/300
f 301/301/301 302/302/302 303/303/303 304/304/304
f 305/305/305 306/306/306 307/307/307 308/308/308 309/309/309 310/310/310 311/311/311 312/312/312
f 313/313/313 314/314/314 315/315/315 316/316/316
f 317/317/317 318/318/318 319/319/319 320/320/320
f 321/321/321 322/322/322 323/323/323 324/324/324
f 325/325/325 326/326/326 327/327/327 328/328/328
f 329/329/329 330/330/330 331/331/331 332/332/332
f 333/333/333 334/334/334 335/335/335 336/336/336
f 337/337/337 338/338/338 339/339/339 340/340/340
f 341/341/341 342/342/342 343/343/343 344/344/344
f 345/345/345 346/346/346 347/347/347 348/348/348
f 349/349/349 350/350/350 351/351/351 352/352/352 353/353/353 354/354/354 355/355/355 356/356/356
f 357/357/357 358/358/358 359/359/359 360/360/360
f 361/361/361 362/362/362 363/363/363 364/364/364 365/365/365 366/366/366 367/367/367 368/368/368
f 369/369/369 370/370/370 371/371/371 372/372/372
f 373/373/373 374/374/374 375/375/375 376/376/376
f 377/377/377 378/378/378 379/379/379 380/380/380
f 381/381/381 382/382/382 383/383/383 384/384/384
f 385/385/385 386/386/386 387/387/387 388/388/388
f 389/389/389 390/390/390 391/391/391 392/392/392
f 393/393/393 394/394/394 395/395/395 396/396/396
f 397/397/397 398/398/398 399/399/399 400/400/400 401/401/401 402/402/402 403/403/403 404/404/404
f 405/405/405 406/406/406 407/407/407 408/408/408
f 409/409/409 410/410/410 411/411/411 412/412/412 413/413/413 414/414/414 415/415/415 416/416/416
f 417/417/417 418/418/418 419/419/419 420/420/420
f 421/421/421 422/422/422 423/423/423 424/424/424
f 425/425/425 426/426/426 427/427/427 428/428/428
f 429/429/429 430/430/430 431/431/431 432/432/432
f 433/433/433 434/434/434 435/435/435 436/436/436
f 437/437/437 438/438/438 439/439/439 440/440/440
f 441/441/441 442/442/442 443/443/443 444/444/444
f 445/445/445 446/446/446 447/447/447 448/448/448
usemtl Chair_Back
f 449/449/449 450/450/450 451/451/451 452/452/452
f 453/453/453 454/454/454 455/455/455 456/456/456
f 457/457/457 458/458/458 459/459/459 460/460/460
f 461/461/461 462/462/462 463/463/463 464/464/464 465/465/465 466/466/466 467/467/467 468/468/468
f 469/469/469 470/470/470 471/471/471 472/472/472
f 473/473/473 474/474/474 475/475/475 476/476/476
f 477/477/477 478/478/478 479/479/479 480/480/480
f 481/481/481 482/482/482 483/483/483 484/484/484
f 485/485/485 486/486/486 487/487/487 488/488/488
f 489/489/489 490/490/490 491/491/491 492/492/492
f 493/493/493 494/494/494 495/495/495 496/496/496
f 497/497/497 498/498/498 499/499/499 500/500/500
f 501/501/501 502/502/502 503/503/503 504/504/504
f 505/505/505 506/506/506 507/507/507 508/508/508
f 509/509/509 510/510/510 511/511/511 512/512/512
f 513/513/513 514/514/514 515/515/515 516/516/516
f 517/517/517 518/518/518 519/519/519 520/520/520
f 521/521/521 522/522/522 523/523/523 524/524/524
f 525/525/525 526/526/526 527/527/527 528/528/528
f 529/529/529 530/530/530 531/531/531 532/532/532
f 533/533/533 534/534/534 535/535/535 536/536/536
f 537/537/537 538/538/538 539/539/539 540/540/540
f 541/541/541 542/542/542 543/543/543 544/544/544
f 545/545/545 546/546/546 547/547/547 548/548/548
f 549/549/549 550/550/550 551/551/551 552/552/552
f 553/553/553 554/554/554 555/555/555 556/556/556
f 557/557/557 558/558/558 559/559/559 560/560/560
f 561/561/561 562/562/562 563/563/563 564/564/564
f 565/565/565 566/566/566 567/567/567 568/568/568
f 569/569/569 570/570/570 571/571/571 572/572/572
f 573/573/573 574/574/574 575/575/575 576/576/576
f 577/577/577 578/578/578 579/579/579 580/580/580
f 581/581/581 582/582/582 583/583/583 584/584/584
f 585/585/585 586/586/586 587/587/587 588/588/588
f 589/589/589 590/590/590 591/591/591 592/592/592
f 593/593/593 594/594/594 595/595/595 596/596/596
f 597/597/597 598/598/598 599/599/599 600/600/600
f 601/601/601 602/602/602 603/603/603 604/604/604
f 605/605/605 606/606/606 607/607/607 608/608/608
f 609/609/609 610/610/610 611/611/611 612/612/612
f 613/613/613 614/614/614 615/615/615 616/616/616
f 617/617/617 618/618/618 619/619/619 620/620/620
f 621/621/621 622/622/622 623/623/623 624/624/624
f 625/625/625 626/626/626 627/627/627 628/628/628
f 629/629/629 630/630/630 631/631/631 632/632/632
f 633/633/633 634/634/634 635/635/635 636/636/636
f 637/637/637 638/638/638 639/639/639 640/640/640
f 641/641/641 642/642/642 643/643/643 644/644/644
f 645/645/645 646/646/646 647/647/647 648/648/648
f 649/649/649 650/650/650 651/651/651 652/652/652
f 653/653/653 654/654/654 655/655/655 656/656/656
f 657/657/657 658/658/658 659/659/659 660/660/660
f 661/661/661 662/662/662 663/663/663 664/664/664
f 665/665/665 666/666/666 667/667/667 668/668/668
f 669/669/669 670/670/670 671/671/671 672/672/672
f 673/673/673 674/674/674 675/675/675 676/676/676
f 677/677/677 678/678/678 679/679/679 680/680/680
f 681/681/681 682/682/682 683/683/683 684/684/684
f 685/685/685 686/686/686 687/687/687 688/688/688
f 689/689/689 690/690/690 691/691/691 692/692/692
f 693/693/693 694/694/694 695/695/695 696/696/696
f 697/697/697 698/698/698 699/699/699 700/700/700
f 701/701/701 702/702/702 703/703/703 704/704/704
f 705/705/705 706/706/706 707/707/707 708/708/708
f 709/709/709 710/710/710 711/711/711 712/712/712
f 713/713/713 714/714/714 715/715/715 716/716/716
f 717/717/717 718/718/718 719/719/719 720/720/720
f 721/721/721 722/722/722 723/723/723 724/724/724
f 725/725/725 726/726/726 727/727/727 728/728/728
f 729/729/729 730/730/730 731/731/731 732/732/732
f 733/733/733 734/734/734 735/735/735 736/736/736
f 737/737/737 738/738/738 739/739/739 740/740/740
f 741/741/741 742/742/742 743/743/743 744/744/744
f 745/745/745 746/746/746 747/747/747 748/748/748
f 749/749/749 750/750/750 751/751/751 752/752/752
f 753/753/753 754/754/754 755/755/755 756/756/756
f 757/757/757 758/758/758 759/759/759 760/760/760 761/761/761 762/762/762 763/763/763 764/764/764
f 765/765/765 766/766/766 767/767/767 768/768/768
f 769/769/769 770/770/770 771/771/771 772/772/772
f 773/773/773 774/774/774 775/775/775 776/776/776
f 777/777/777 778/778/778 779/779/779 780/780/780
f 781/781/781 782/782/782 783/783/783 784/784/784
f 785/785/785 786/786/786 787/787/787 788/788/788
f 789/789/789 790/790/790 791/791/791 792/792/792
f 793/793/793 794/794/794 795/795/795 796/796/796
f 797/797/797 798/798/798 799/799/799 800/800/800
f 801/801/801 802/802/802 803/803/803 804/804/804
f 805/805/805 806/806/806 807/807/807 808/808/808
f 809/809/809 810/810/810 811/811/811 812/812/812
f 813/813/813 814/814/814 815/815/815 816/816/816
f 817/817/817 818/818/818 819/819/819 820/820/820
f 821/821/821 822/822/822 823/823/823 824/824/824
f 825/825/825 826/826/826 827/827/827 828/828/828
f 829/829/829 830/830/830 831/831/831 832/832/832
f 833/833/833 834/834/834 835/835/835 836/836/836
f 837/837/837 838/838/838 839/839/839 840/840/840
f 841/841/841 842/842/842 843/843/843 844/844/844
f 845/845/845 846/846/846 847/847/847 848/848/848
f 849/849/849 850/850/850 851/851/851 852/852/852
f 853/853/853 854/854/854 855/855/855 856/856/856
f 857/857/857 858/858/858 859/859/859 860/860/860
f 861/861/861 862/862/862 863/863/863 864/864/864
f 865/865/865 866/866/866 867/867/867 868/868/868
f 869/869/869 870/870/870 871/871/871 872/872/872
f 873/873/873 874/874/874 875/875/875 876/876/876
f 877/877/877 878/878/878 879/879/879 880/880/880
f 881/881/881 882/882/882 883/883/883 884/884/884
f 885/885/885 886/886/886 887/887/887 888/888/888
f 889/889/889 890/890/890 891/891/891 892/892/892
f 893/893/893 894/894/894 895/895/895 896/896/896
f 897/897/897 898/898/898 899/899/899 900/900/900
f 901/901/901 902/902/902 903/903/903 904/904/904
f 905/905/905 906/906/906 907/907/907 908/908/908
f 909/909/909 910/910/910 911/911/911 912/912/912
f 913/913/913 914/914/914 915/915/915 916/916/916
f 917/917/917 918/918/918 919/919/919 920/920/920
f 921/921/921 922/922/922 923/923/923 924/924/924
f 925/925/925 926/926/926 927/927/927 928/928/928
f 929/929/929 930/930/930 931/931/931 932/932/932
f 933/933/933 934/934/934 935/935/935 936/936/936
f 937/937/937 938/938/938 939/939/939 940/940/940
f 941/941/941 942/942/942 943/943/943 944/944/944
f 945/945/945 946/946/946 947/947/947 948/948/948
f 949/949/949 950/950/950 951/951/951 952/952/952
f 953/953/953 954/954/954 955/955/955 956/956/956
f 957/957/957 958/958/958 959/959/959 960/960/960
f 961/961/961 962/962/962 963/963/963 964/964/964
f 965/965/965 966/966/966 967/967/967 968/968/968
f 969/969/969 970/970/970 971/971/971 972/972/972
f 973/973/973 974/974/974 975/975/975 976/976/976
f 977/977/977 978/978/978 979/979/979 980/980/980
f 981/981/981 982/982/982 983/983/983 984/984/984
f 985/985/985 986/986/986 987/987/987 988/988/988
f 989/989/989 990/990/990 991/991/991 992/992/992
f 993/993/993 994/994/994 995/995/995 996/996/996
f 997/997/997 998/998/998 999/999/999 1000/1000/1000
f 1001/1001/1001 1002/1002/1002 1003/1003/1003 1004/1004/1004
f 1005/1005/1005 1006/1006/1006 1007/1007/1007 1008/1008/1008
f 1009/1009/1009 1010/1010/1010 1011/1011/1011 1012/1012/1012
f 1013/1013/1013 1014/1014/1014 1015/1015/1015 1016/1016/1016
f 1017/1017/1017 1018/1018/1018 1019/1019/1019 1020/1020/1020
f 1021/1021/1021 1022/1022/1022 1023/1023/1023 1024/1024/1024
f 1025/1025/1025 1026/1026/1026 1027/1027/1027 1028/1028/1028
f 1029/1029/1029 1030/1030/1030 1031/1031/1031 1032/1032/1032
f 1033/1033/1033 1034/1034/1034 1035/1035/1035 1036/1036/1036
f 1037/1037/1037 1038/1038/1038 1039/1039/1039 1040/1040/1040
f 1041/1041/1041 1042/1042/1042 1043/1043/1043 1044/1044/1044
f 1045/1045/1045 1046/1046/1046 1047/1047/1047 1048/1048/1048
f 1049/1049/1049 1050/1050/1050 1051/1051/1051 1052/1052/1052
f 1053/1053/1053 1054/1054/1054 1055/1055/1055 1056/1056/1056
f 1057/1057/1057 1058/1058/1058 1059/1059/1059 1060/1060/1060
f 1061/1061/1061 1062/1062/1062 1063/1063/1063 1064/1064/1064
f 1065/1065/1065 1066/1066/1066 1067/1067/1067 1068/1068/1068
f 1069/1069/1069 1070/1070/1070 1071/1071/1071 1072/1072/1072
f 1073/1073/1073 1074/1074/1074 1075/1075/1075 1076/1076/1076
f 1077/1077/1077 1078/1078/1078 1079/1079/1079
f 1080/1080/1080 1081/1081/1081 1082/1082/1082
f 1083/1083/1083 1084/1084/1084 1085/1085/1085
f 1086/1086/1086 1087/1087/1087 1088/1088/1088
f 1089/1089/1089 1090/1090/1090 1091/1091/1091 1092/1092/1092
f 1093/1093/1093 1094/1094/1094 1095/1095/1095 1096/1096/1096
f 1097/1097/1097 1098/1098/1098 1099/1099/1099 1100/1100/1100
f 1101/1101/1101 1102/1102/1102 1103/1103/1103 1104/1104/1104
f 1105/1105/1105 1106/1106/1106 1107/1107/1107 1108/1108/1108
f 1109/1109/1109 1110/1110/1110 1111/1111/1111 1112/1112/1112
f 1113/1113/1113 1114/1114/1114 1115/1115/1115 1116/1116/1116
f 1117/1117/1117 1118/1118/1118 1119/1119/1119 1120/1120/1120
f 1121/1121/1121 1122/1122/1122 1123/1123/1123 1124/1124/1124
f 1125/1125/1125 1126/1126/1126 1127/1127/1127 1128/1128/1128
f 1129/1129/1129 1130/1130/1130 1131/1131/1131 1132/1132/1132
f 1133/1133/1133 1134/1134/1134 1135/1135/1135 1136/1136/1136
f 1137/1137/1137 1138/1138/1138 1139/1139/1139 1140/1140/1140
f 1141/1141/1141 1142/1142/1142 1143/1143/1143 1144/1144/1144
f 1145/1145/1145 1146/1146/1146 1147/1147/1147 1148/1148/1148
f 1149/1149/1149 1150/1150/1150 1151/1151/1151 1152/1152/1152 1153/1153/1153 1154/1154/1154 1155/1155/1155 1156/1156/1156
f 1157/1157/1157 1158/1158/1158 1159/1159/1159 1160/1160/1160
f 1161/1161/1161 1162/1162/1162 1163/1163/1163 1164/1164/1164
f 1165/1165/1165 1166/1166/1166 1167/1167/1167 1168/1168/1168
f 1169/1169/1169 1170/1170/1170 1171/1171/1171 1172/1172/1172
f 1173/1173/1173 1174/1174/1174 1175/1175/1175 1176/1176/1176
f 1177/1177/1177 1178/1178/1178 1179/1179/1179 1180/1180/1180
f 1181/1181/1181 1182/1182/1182 1183/1183/1183 1184/1184/1184
f 1185/1185/1185 1186/1186/1186 1187/1187/1187 1188/1188/1188
f 1189/1189/1189 1190/1190/1190 1191/1191/1191 1192/1192/1192
f 1193/1193/1193 1194/1194/1194 1195/1195/1195 1196/1196/1196
f 1197/1197/1197 1198/1198/1198 1199/1199/1199 1200/1200/1200
f 1201/1201/1201 1202/1202/1202 1203/1203/1203 1204/1204/1204
f 1205/1205/1205 1206/1206/1206 1207/1207/1207 1208/1208/1208
f 1209/1209/1209 1210/1210/1210 1211/1211/1211 1212/1212/1212
f 1213/1213/1213 1214/1214/1214 1215/1215/1215 1216/1216/1216
f 1217/1217/1217 1218/1218/1218 1219/1219/1219 1220/1220/1220
f 1221/1221/1221 1222/1222/1222 1223/1223/1223 1224/1224/1224
f 1225/1225/1225 1226/1226/1226 1227/1227/1227 1228/1228/1228
f 1229/1229/1229 1230/1230/1230 1231/1231/1231 1232/1232/1232
f 1233/1233/1233 1234/1234/1234 1235/1235/1235 1236/1236/1236
f 1237/1237/1237 1238/1238/1238 1239/1239/1239 1240/1240/1240
f 1241/1241/1241 1242/1242/1242 1243/1243/1243 1244/1244/1244
f 1245/1245/1245 1246/1246/1246 1247/1247/1247 1248/1248/1248
f 1249/1249/1249 1250/1250/1250 1251/1251/1251 1252/1252/1252
f 1253/1253/1253 1254/1254/1254 1255/1255/1255 1256/1256/1256
f 1257/1257/1257 1258/1258/1258 1259/1259/1259 1260/1260/1260
f 1261/1261/1261 1262/1262/1262 1263/1263/1263 1264/1264/1264
f 1265/1265/1265 1266/1266/1266 1267/1267/1267 1268/1268/1268
f 1269/1269/1269 1270/1270/1270 1271/1271/1271 1272/1272/1272
f 1273/1273/1273 1274/1274/1274 1275/1275/1275 1276/1276/1276
f 1277/1277/1277 1278/1278/1278 1279/1279/1279 1280/1280/1280
f 1281/1281/1281 1282/1282/1282 1283/1283/1283 1284/1284/1284
f 1285/1285/1285 1286/1286/1286 1287/1287/1287 1288/1288/1288
f 1289/1289/1289 1290/1290/1290 1291/1291/1291 1292/1292/1292
f 1293/1293/1293 1294/1294/1294 1295/1295/1295 1296/1296/1296
f 1297/1297/1297 1298/1298/1298 1299/1299/1299 1300/1300/1300
f 1301/1301/1301 1302/1302/1302 1303/1303/1303 1304/1304/1304
f 1305/1305/1305 1306/1306/1306 1307/1307/1307 1308/1308/1308
f 1309/1309/1309 1310/1310/1310 1311/1311/1311 1312/1312/1312
f 1313/1313/1313 1314/1314/1314 1315/1315/1315 1316/1316/1316
f 1317/1317/1317 1318/1318/1318 1319/1319/1319 1320/1320/1320
f 1321/1321/1321 1322/1322/1322 1323/1323/1323 1324/1324/1324
f 1325/1325/1325 1326/1326/1326 1327/1327/1327 1328/1328/1328
f 1329/1329/1329 1330/1330/1330 1331/1331/1331 1332/1332/1332
f 1333/1333/1333 1334/1334/1334 1335/1335/1335 1336/1336/1336
f 1337/1337/1337 1338/1338/1338 1339/1339/1339 1340/1340/1340
f 1341/1341/1341 1342/1342/1342 1343/1343/1343 1344/1344/1344
f 1345/1345/1345 1346/1346/1346 1347/1347/1347 1348/1348/1348
f 1349/1349/1349 1350/1350/1350 1351/1351/1351 1352/1352/1352
f 1353/1353/1353 1354/1354/1354 1355/1355/1355 1356/1356/1356
f 1357/1357/1357 1358/1358/1358 1359/1359/1359 1360/1360/1360
f 1361/1361/1361 1362/1362/1362 1363/1363/1363 1364/1364/1364
f 1365/1365/1365 1366/1366/1366 1367/1367/1367 1368/1368/1368
f 1369/1369/1369 1370/1370/1370 1371/1371/1371 1372/1372/1372
f 1373/1373/1373 1374/1374/1374 1375/1375/1375 1376/1376/1376
f 1377/1377/1377 1378/1378/1378 1379/1379/1379 1380/1380/1380
f 1381/1381/1381 1382/1382/1382 1383/1383/1383 1384/1384/1384
f 1385/1385/1385 1386/1386/1386 1387/1387/1387 1388/1388/1388
f 1389/1389/1389 1390/1390/1390 1391/1391/1391 1392/1392/1392
f 1393/1393/1393 1394/1394/1394 1395/1395/1395 1396/1396/1396
f 1397/1397/1397 1398/1398/1398 1399/1399/1399 1400/1400/1400
f 1401/1401/1401 1402/1402/1402 1403/1403/1403 1404/1404/1404
f 1405/1405/1405 1406/1406/1406 1407/1407/1407 1408/1408/1408
f 1409/1409/1409 1410/1410/1410 1411/1411/1411 1412/1412/1412
f 1413/1413/1413 1414/1414/1414 1415/1415/1415 1416/1416/1416
f 1417/1417/1417 1418/1418/1418 1419/1419/1419 1420/1420/1420
f 1421/1421/1421 1422/1422/1422 1423/1423/1423 1424/1424/1424
f 1425/1425/1425 1426/1426/1426 1427/1427/1427 1428/1428/1428
f 1429/1429/1429 1430/1430/1430 1431/1431/1431 1432/1432/1432
f 1433/1433/1433 1434/1434/1434 1435/1435/1435 1436/1436/1436
f 1437/1437/1437 1438/1438/1438 1439/1439/1439 1440/1440/1440
f 1441/1441/1441 1442/1442/1442 1443/1443/1443 1444/1444/1444
f 1445/1445/1445 1446/1446/1446 1447/1447/1447 1448/1448/1448 1449/1449/1449 1450/1450/1450 1451/1451/1451 1452/1452/1452
f 1453/1453/1453 1454/1454/1454 1455/1455/1455 1456/1456/1456
f 1457/1457/1457 1458/1458/1458 1459/1459/1459 1460/1460/1460
f 1461/1461/1461 1462/1462/1462 1463/1463/1463 1464/1464/1464
f 1465/1465/1465 1466/1466/1466 1467/1467/1467 1468/1468/1468
f 1469/1469/1469 1470/1470/1470 1471/1471/1471 1472/1472/1472
f 1473/1473/1473 1474/1474/1474 1475/1475/1475 1476/1476/1476
f 1477/1477/1477 1478/1478/1478 1479/1479/1479 1480/1480/1480
f 1481/1481/1481 1482/1482/1482 1483/1483/1483 1484/1484/1484
f 1485/1485/1485 1486/1486/1486 1487/1487/1487 1488/1488/1488
f 1489/1489/1489 1490/1490/1490 1491/1491/1491 1492/1492/1492
f 1493/1493/1493 1494/1494/1494 1495/1495/1495 1496/1496/1496
f 1497/1497/1497 1498/1498/1498 1499/1499/1499 1500/1500/1500
f 1501/1501/1501 1502/1502/1502 1503/1503/1503 1504/1504/1504
f 1505/1505/1505 1506/1506/1506 1507/1507/1507 1508/1508/1508
f 1509/1509/1509 1510/1510/1510 1511/1511/1511 1512/1512/1512
f 1513/1513/1513 1514/1514/1514 1515/1515/1515 1516/1516/1516
f 1517/1517/1517 1518/1518/1518 1519/1519/1519 1520/1520/1520
f 1521/1521/1521 1522/1522/1522 1523/1523/1523 1524/1524/1524
f 1525/1525/1525 1526/1526/1526 1527/1527/1527 1528/1528/1528
f 1529/1529/1529 1530/1530/1530 1531/1531/1531 1532/1532/1532
f 1533/1533/1533 1534/1534/1534 1535/1535/1535 1536/1536/1536
f 1537/1537/1537 1538/1538/1538 1539/1539/1539 1540/1540/1540
f 1541/1541/1541 1542/1542/1542 1543/1543/1543 1544/1544/1544
f 1545/1545/1545 1546/1546/1546 1547/1547/1547 1548/1548/1548
f 1549/1549/1549 1550/1550/1550 1551/1551/1551 1552/1552/1552
f 1553/1553/1553 1554/1554/1554 1555/1555/1555 1556/1556/1556
f 1557/1557/1557 1558/1558/1558 1559/1559/1559 1560/1560/1560
f 1561/1561/1561 1562/1562/1562 1563/1563/1563 1564/1564/1564
f 1565/1565/1565 1566/1566/1566 1567/1567/1567 1568/1568/1568
f 1569/1569/1569 1570/1570/1570 1571/1571/1571 1572/1572/1572
f 1573/1573/1573 1574/1574/1574 1575/1575/1575 1576/1576/1576
f 1577/1577/1577 1578/1578/1578 1579/1579/1579 1580/1580/1580
f 1581/1581/1581 1582/1582/1582 1583/1583/1583 1584/1584/1584
f 1585/1585/1585 1586/1586/1586 1587/1587/1587 1588/1588/1588
f 1589/1589/1589 1590/1590/1590 1591/1591/1591 1592/1592/1592
f 1593/1593/1593 1594/1594/1594 1595/1595/1595 1596/1596/1596
f 1597/1597/1597 1598/1598/1598 1599/1599/1599 1600/1600/1600
f 1601/1601/1601 1602/1602/1602 1603/1603/1603 1604/1604/1604
f 1605/1605/1605 1606/1606/1606 1607/1607/1607 1608/1608/1608
f 1609/1609/1609 1610/1610/1610 1611/1611/1611 1612/1612/1612
f 1613/1613/1613 1614/1614/1614 1615/1615/1615 1616/1616/1616
f 1617/1617/1617 1618/1618/1618 1619/1619/1619 1620/1620/1620
f 1621/1621/1621 1622/1622/1622 1623/1623/1623 1624/1624/1624
f 1625/1625/1625 1626/1626/1626 1627/1627/1627 1628/1628/1628
f 1629/1629/1629 1630/1630/1630 1631/1631/1631 1632/1632/1632
f 1633/1633/1633 1634/1634/1634 1635/1635/1635 1636/1636/1636
f 1637/1637/1637 1638/1638/1638 1639/1639/1639 1640/1640/1640
f 1641/1641/1641 1642/1642/1642 1643/1643/1643 1644/1644/1644
f 1645/1645/1645 1646/1646/1646 1647/1647/1647 1648/1648/1648
f 1649/1649/1649 1650/1650/1650 1651/1651/1651 1652/1652/1652
f 1653/1653/1653 1654/1654/1654 1655/1655/1655 1656/1656/1656
f 1657/1657/1657 1658/1658/1658 1659/1659/1659 1660/1660/1660
f 1661/1661/1661 1662/1662/1662 1663/1663/1663 1664/1664/1664
f 1665/1665/1665 1666/1666/1666 1667/1667/1667 1668/1668/1668
f 1669/1669/1669 1670/1670/1670 1671/1671/1671 1672/1672/1672
f 1673/1673/1673 1674/1674/1674 1675/1675/1675 1676/1676/1676
f 1677/1677/1677 1678/1678/1678 1679/1679/1679 1680/1680/1680
f 1681/1681/1681 1682/1682/1682 1683/1683/1683 1684/1684/1684
f 1685/1685/1685 1686/1686/1686 1687/1687/1687 1688/1688/1688
f 1689/1689/1689 1690/1690/1690 1691/1691/1691 1692/1692/1692
f 1693/1693/1693 1694/1694/1694 1695/1695/1695 1696/1696/1696
f 1697/1697/1697 1698/1698/1698 1699/1699/1699 1700/1700/1700
f 1701/1701/1701 1702/1702/1702 1703/1703/1703 1704/1704/1704
f 1705/1705/1705 1706/1706/1706 1707/1707/1707 1708/1708/1708
f 1709/1709/1709 1710/1710/1710 1711/1711/1711 1712/1712/1712
f 1713/1713/1713 1714/1714/1714 1715/1715/1715 1716/1716/1716
f 1717/1717/1717 1718/1718/1718 1719/1719/1719 1720/1720/1720
f 1721/1721/1721 1722/1722/1722 1723/1723/1723 1724/1724/1724
f 1725/1725/1725 1726/1726/1726 1727/1727/1727 1728/1728/1728
f 1729/1729/1729 1730/1730/1730 1731/1731/1731 1732/1732/1732
f 1733/1733/1733 1734/1734/1734 1735/1735/1735 1736/1736/1736
f 1737/1737/1737 1738/1738/1738 1739/1739/1739 1740/1740/1740
f 1741/1741/1741 1742/1742/1742 1743/1743/1743 1744/1744/1744
f 1745/1745/1745 1746/1746/1746 1747/1747/1747 1748/1748/1748
f 1749/1749/1749 1750/1750/1750 1751/1751/1751 1752/1752/1752
f 1753/1753/1753 1754/1754/1754 1755/1755/1755 1756/1756/1756
f 1757/1757/1757 1758/1758/1758 1759/1759/1759 1760/1760/1760
f 1761/1761/1761 1762/1762/1762 1763/1763/1763 1764/1764/1764
f 1765/1765/1765 1766/1766/1766 1767/1767/1767
f 1768/1768/1768 1769/1769/1769 1770/1770/1770
f 1771/1771/1771 1772/1772/1772 1773/1773/1773
f 1774/1774/1774 1775/1775/1775 1776/1776/1776
f 1777/1777/1777 1778/1778/1778 1779/1779/1779 1780/1780/1780
f 1781/1781/1781 1782/1782/1782 1783/1783/1783 1784/1784/1784
f 1785/1785/1785 1786/1786/1786 1787/1787/1787 1788/1788/1788
f 1789/1789/1789 1790/1790/1790 1791/1791/1791 1792/1792/1792
f 1793/1793/1793 1794/1794/1794 1795/1795/1795 1796/1796/1796
f 1797/1797/1797 1798/1798/1798 1799/1799/1799 1800/1800/1800
f 1801/1801/1801 1802/1802/1802 1803/1803/1803 1804/1804/1804
f 1805/1805/1805 1806/1806/1806 1807/1807/1807 1808/1808/1808
f 1809/1809/1809 1810/1810/1810 1811/1811/1811 1812/1812/1812
f 1813/1813/1813 1814/1814/1814 1815/1815/1815 1816/1816/1816
f 1817/1817/1817 1818/1818/1818 1819/1819/1819 1820/1820/1820
f 1821/1821/1821 1822/1822/1822 1823/1823/1823 1824/1824/1824
usemtl Chair_Seat
f 1825/1825/1825 1826/1826/1826 1827/1827/1827 1828/1828/1828
f 1829/1829/1829 1830/1830/1830 1831/1831/1831 1832/1832/1832 1833/1833/1833
f 1834/1834/1834 1835/1835/1835 1836/1836/1836 1837/1837/1837
f 1838/1838/1838 1839/1839/1839 1840/1840/1840 1841/1841/1841 1842/1842/1842
f 1843/1843/1843 1844/1844/1844 1845/1845/1845 1846/1846/1846
f 1847/1847/1847 1848/1848/1848 1849/1849/1849 1850/1850/1850 1851/1851/1851 1852/1852/1852 1853/1853/1853 1854/1854/1854 1855/1855/1855 1856/1856/1856 1857/1857/1857 1858/1858/1858
f 1859/1859/1859 1860/1860/1860 1861/1861/1861 1862/1862/1862
f 1863/1863/1863 1864/1864/1864 1865/1865/1865 1866/1866/1866 1867/1867/1867 1868/1868/1868 1869/1869/1869 1870/1870/1870 1871/1871/1871 1872/1872/1872 1873/1873/1873 1874/1874/1874
f 1875/1875/1875 1876/1876/1876 1877/1877/1877 1878/1878/1878
f 1879/1879/1879 1880/1880/1880 1881/1881/1881
f 1882/1882/1882 1883/1883/1883 1884/1884/1884
f 1885/1885/1885 1886/1886/1886 1887/1887/1887 1888/1888/1888
f 1889/1889/1889 1890/1890/1890 1891/1891/1891 1892/1892/1892
f 1893/1893/1893 1894/1894/1894 1895/1895/1895 1896/1896/1896
f 1897/1897/1897 1898/1898/1898 1899/1899/1899 1900/1900/1900
f 1901/1901/1901 1902/1902/1902 1903/1903/1903 1904/1904/1904
f 1905/1905/1905 1906/1906/1906 1907/1907/1907
f 1908/1908/1908 1909/1909/1909 1910/1910/1910 1911/1911/1911
f 1912/1912/1912 1913/1913/1913 1914/1914/1914 1915/1915/1915
f 1916/1916/1916 1917/1917/1917 1918/1918/1918 1919/1919/1919
f 1920/1920/1920 1921/1921/1921 1922/1922/1922
f 1923/1923/1923 1924/1924/1924 1925/1925/1925 1926/1926/1926
f 1927/1927/1927 1928/1928/1928 1929/1929/1929 1930/1930/1930
f 1931/1931/1931 1932/1932/1932 1933/1933/1933 1934/1934/1934
f 1935/1935/1935 1936/1936/1936 1937/1937/1937
f 1938/1938/1938 1939/1939/1939 1940/1940/1940 1941/1941/1941
f 1942/1942/1942 1943/1943/1943 1944/1944/1944 1945/1945/1945
f 1946/1946/1946 1947/1947/1947 1948/1948/1948 1949/1949/1949
f 1950/1950/1950 1951/1951/1951 1952/1952/1952 1953/1953/1953
f 1954/1954/1954 1955/1955/1955 1956/1956/1956 1957/1957/1957
f 1958/1958/1958 1959/1959/1959 1960/1960/1960 1961/1961/1961
f 1962/1962/1962 1963/1963/1963 1964/1964/1964
f 1965/1965/1965 1966/1966/1966 1967/1967/1967 1968/1968/1968
f 1969/1969/1969 1970/1970/1970 1971/1971/1971 1972/1972/1972
f 1973/1973/1973 1974/1974/1974 1975/1975/1975 1976/1976/1976
f 1977/1977/1977 1978/1978/1978 1979/1979/1979
f 1980/1980/1980 1981/1981/1981 1982/1982/1982 1983/1983/1983
f 1984/1984/1984 1985/1985/1985 1986/1986/1986 1987/1987/1987
f 1988/1988/1988 1989/1989/1989 1990/1990/1990 1991/1991/1991
f 1992/1992/1992 1993/1993/1993 1994/1994/1994
f 1995/1995/1995 1996/1996/1996 1997/1997/1997 1998/1998/1998
f 1999/1999/1999 2000/2000/2000 2001/2001/2001 2002/2002/2002
f 2003/2003/2003 2004/2004/2004 2005/2005/2005 2006/2006/2006
f 2007/2007/2007 2008/2008/2008 2009/2009/2009 2010/2010/2010
f 2011/2011/2011 2012/2012/2012 2013/2013/2013 2014/2014/2014
f 2015/2015/2015 2016/2016/2016 2017/2017/2017 2018/2018/2018
f 2019/2019/2019 2020/2020/2020 2021/2021/2021 2022/2022/2022
f 2023/2023/2023 2024/2024/2024 2025/2025/2025 2026/2026/2026
f 2027/2027/2027 2028/2028/2028 2029/2029/2029 2030/2030/2030
f 2031/2031/2031 2032/2032/2032 2033/2033/2033 2034/2034/2034
f 2035/2035/2035 2036/2036/2036 2037/2037/2037 2038/2038/2038
f 2039/2039/2039 2040/2040/2040 2041/2041/2041 2042/2042/2042
f 2043/2043/2043 2044/2044/2044 2045/2045/2045 2046/2046/2046
f 2047/2047/2047 2048/2048/2048 2049/2049/2049 2050/2050/2050
f 2051/2051/2051 2052/2052/2052 2053/2053/2053 2054/2054/2054
f 2055/2055/2055 2056/2056/2056 2057/2057/2057 2058/2058/2058
f 2059/2059/2059 2060/2060/2060 2061/2061/2061 2062/2062/2062
f 2063/2063/2063 2064/2064/2064 2065/2065/2065 2066/2066/2066
f 2067/2067/2067 2068/2068/2068 2069/2069/2069 2070/2070/2070
f 2071/2071/2071 2072/2072/2072 2073/2073/2073 2074/2074/2074
f 2075/2075/2075 2076/2076/2076 2077/2077/2077 2078/2078/2078
f 2079/2079/2079 2080/2080/2080 2081/2081/2081 2082/2082/2082
f 2083/2083/2083 2084/2084/2084 2085/2085/2085 2086/2086/2086
f 2087/2087/2087 2088/2088/2088 2089/2089/2089 2090/2090/2090
f 2091/2091/2091 2092/2092/2092 2093/2093/2093 2094/2094/2094
f 2095/2095/2095 2096/2096/2096 2097/2097/2097 2098/2098/2098
f 2099/2099/2099 2100/2100/2100 2101/2101/2101 2102/2102/2102
f 2103/2103/2103 2104/2104/2104 2105/2105/2105 2106/2106/2106
f 2107/2107/2107 2108/2108/2108 2109/2109/2109 2110/2110/2110
f 2111/2111/2111 2112/2112/2112 2113/2113/2113 2114/2114/2114
f 2115/2115/2115 2116/2116/2116 2117/2117/2117 2118/2118/2118 2119/2119/2119
f 2120/2120/2120 2121/2121/2121 2122/2122/2122 2123/2123/2123
f 2124/2124/2124 2125/2125/2125 2126/2126/2126 2127/2127/2127 2128/2128/2128
f 2129/2129/2129 2130/2130/2130 2131/2131/2131 2132/2132/2132
f 2133/2133/2133 2134/2134/2134 2135/2135/2135 2136/2136/2136 2137/2137/2137 2138/2138/2138 2139/2139/2139 2140/2140/2140 2141/2141/2141 2142/2142/2142 2143/2143/2143 2144/2144/2144
f 2145/2145/2145 2146/2146/2146 2147/2147/2147 2148/2148/2148
f 2149/2149/2149 2150/2150/2150 2151/2151/2151 2152/2152/2152 2153/2153/2153 2154/2154/2154 2155/2155/2155 2156/2156/2156 2157/2157/2157 2158/2158/2158 2159/2159/2159 2160/2160/2160
f 2161/2161/2161 2162/2162/2162 2163/2163/2163 2164/2164/2164
f 2165/2165/2165 2166/2166/2166 2167/2167/2167
f 2168/2168/2168 2169/2169/2169 2170/2170/2170
f 2171/2171/2171 2172/2172/2172 2173/2173/2173 2174/2174/2174
f 2175/2175/2175 2176/2176/2176 2177/2177/2177 2178/2178/2178
f 2179/2179/2179 2180/2180/2180 2181/2181/2181 2182/2182/2182
f 2183/2183/2183 2184/2184/2184 2185/2185/2185 2186/2186/2186
f 2187/2187/2187 2188/2188/2188 2189/2189/2189 2190/2190/2190
f 2191/2191/2191 2192/2192/2192 2193/2193/2193
f 2194/2194/2194 2195/2195/2195 2196/2196/2196 2197/2197/2197
f 2198/2198/2198 2199/2199/2199 2200/2200/2200 2201/2201/2201
f 2202/2202/2202 2203/2203/2203 2204/2204/2204 2205/2205/2205
f 2206/2206/2206 2207/2207/2207 2208/2208/2208
f 2209/2209/2209 2210/2210/2210 2211/2211/2211 2212/2212/2212
f 2213/2213/2213 2214/2214/2214 2215/2215/2215 2216/2216/2216
f 2217/2217/2217 2218/2218/2218 2219/2219/2219 2220/2220/2220
f 2221/2221/2221 2222/2222/2222 2223/2223/2223
f 2224/2224/2224 2225/2225/2225 2226/2226/2226 2227/2227/2227
f 2228/2228/2228 2229/2229/2229 2230/2230/2230 2231/2231/2231
f 2232/2232/2232 2233/2233/2233 2234/2234/2234 2235/2235/2235
f 2236/2236/2236 2237/2237/2237 2238/2238/2238 2239/2239/2239
f 2240/2240/2240 2241/2241/2241 2242/2242/2242 2243/2243/2243
f 2244/2244/2244 2245/2245/2245 2246/2246/2246 2247/2247/2247
f 2248/2248/2248 2249/2249/2249 2250/2250/2250
f 2251/2251/2251 2252/2252/2252 2253/2253/2253 2254/2254/2254
f 2255/2255/2255 2256/2256/2256 2257/2257/2257 2258/2258/2258
f 2259/2259/2259 2260/2260/2260 2261/2261/2261 2262/2262/2262
f 2263/2263/2263 2264/2264/2264 2265/2265/2265
f 2266/2266/2266 2267/2267/2267 2268/2268/2268 2269/2269/2269
f 2270/2270/2270 2271/2271/2271 2272/2272/2272 2273/2273/2273
f 2274/2274/2274 2275/2275/2275 2276/2276/2276 2277/2277/2277
f 2278/2278/2278 2279/2279/2279 2280/2280/2280
f 2281/2281/2281 2282/2282/2282 2283/2283/2283 2284/2284/2284
f 2285/2285/2285 2286/2286/2286 2287/2287/2287 2288/2288/2288
f 2289/2289/2289 2290/2290/2290 2291/2291/2291 2292/2292/2292
f 2293/2293/2293 2294/2294/2294 2295/2295/2295 2296/2296/2296
f 2297/2297/2297 2298/2298/2298 2299/2299/2299 2300/2300/2300
f 2301/2301/2301 2302/2302/2302 2303/2303/2303 2304/2304/2304
f 2305/2305/2305 2306/2306/2306 2307/2307/2307 2308/2308/2308
f 2309/2309/2309 2310/2310/2310 2311/2311/2311 2312/2312/2312
f 2313/2313/2313 2314/2314/2314 2315/2315/2315 2316/2316/2316
f 2317/2317/2317 2318/2318/2318 2319/2319/2319 2320/2320/2320
f 2321/2321/2321 2322/2322/2322 2323/2323/2323 2324/2324/2324
f 2325/2325/2325 2326/2326/2326 2327/2327/2327 2328/2328/2328
f 2329/2329/2329 2330/2330/2330 2331/2331/2331 2332/2332/2332
f 2333/2333/2333 2334/2334/2334 2335/2335/2335 2336/2336/2336
f 2337/2337/2337 2338/2338/2338 2339/2339/2339 2340/2340/2340
f 2341/2341/2341 2342/2342/2342 2343/2343/2343 2344/2344/2344
f 2345/2345/2345 2346/2346/2346 2347/2347/2347 2348/2348/2348
f 2349/2349/2349 2350/2350/2350 2351/2351/2351 2352/2352/2352
f 2353/2353/2353 2354/2354/2354 2355/2355/2355 2356/2356/2356
f 2357/2357/2357 2358/2358/2358 2359/2359/2359 2360/2360/2360
f 2361/2361/2361 2362/2362/2362 2363/2363/2363 2364/2364/2364
f 2365/2365/2365 2366/2366/2366 2367/2367/2367 2368/2368/2368
f 2369/2369/2369 2370/2370/2370 2371/2371/2371 2372/2372/2372
f 2373/2373/2373 2374/2374/2374 2375/2375/2375 2376/2376/2376
f 2377/2377/2377 2378/2378/2378 2379/2379/2379 2380/2380/2380
f 2381/2381/2381 2382/2382/2382 2383/2383/2383 2384/2384/2384
f 2385/2385/2385 2386/2386/2386 2387/2387/2387 2388/2388/2388
f 2389/2389/2389 2390/2390/2390 2391/2391/2391 2392/2392/2392
f 2393/2393/2393 2394/2394/2394 2395/2395/2395 2396/2396/2396
